Region;2015;2020;2025;2030;2035;2040;2045;2050;2055;2060;2065;2070;2075;2080;2085;2090;2095;2100
AFG;0.419;0.419;0.352982163;0.323148608;0.318693101;0.321266592;0.322917163;0.32282266;0.321815282;0.320081234;0.316632807;0.311138302;0.304478019;0.29802537;0.292586684;0.287987232;0.283807546;0.279773951
AGO;0.57099998;0.57099998;0.460661471;0.415006071;0.414811015;0.418972701;0.417769939;0.410791218;0.401186526;0.392400831;0.38592118;0.381917477;0.379700303;0.378546476;0.377892196;0.3772057;0.37651819;0.375694543
ALB;0.903999984;0.903999984;0.847864211;0.817625642;0.804169238;0.798582554;0.796417952;0.795816898;0.795888007;0.796199977;0.796579063;0.796937406;0.797263861;0.797593951;0.797920823;0.798192918;0.798361599;0.798430681
ARE;0.572000027;0.572000027;0.437431544;0.378357142;0.359766692;0.356528223;0.360992193;0.368994445;0.377282202;0.384082079;0.390143186;0.395599127;0.400381267;0.404210836;0.406768143;0.408002198;0.408330619;0.408139825
ARG;0.851000011;0.851000011;0.787023783;0.747075737;0.729241371;0.722115517;0.720014334;0.719863057;0.720276177;0.720718265;0.721057594;0.721341133;0.721661627;0.722044289;0.722452939;0.722810745;0.723099649;0.723311305
ARM;0.905000031;0.905000031;0.799705565;0.729173124;0.695823252;0.681235373;0.675424337;0.673543513;0.673105597;0.672782063;0.672260404;0.672105849;0.672221661;0.672357202;0.672492683;0.672524095;0.672541082;0.672557831
AUS;0.961000025;0.961000025;0.948032141;0.942207158;0.939461052;0.938294649;0.937843323;0.937631249;0.937576413;0.937703133;0.937908351;0.938091218;0.938204348;0.93830508;0.938396573;0.938499808;0.93861115;0.938697278
AUT;0.947000027;0.947000027;0.924719393;0.912195742;0.906169534;0.903521836;0.902377307;0.901842713;0.901619077;0.901571155;0.901631534;0.901709795;0.901794016;0.90189153;0.901983857;0.902061224;0.902119219;0.90214479
AZE;0.375999987;0.375999987;0.294087529;0.255987138;0.245909095;0.244492233;0.244612679;0.244561389;0.243025079;0.23968035;0.235385925;0.232459575;0.231428176;0.230741277;0.229966387;0.228702068;0.227376193;0.226439118
BDI;0.173000008;0.173000008;0.16024065;0.137326121;0.130128205;0.130627647;0.135794774;0.143284529;0.150237575;0.155512556;0.159383297;0.162525088;0.165465221;0.168075264;0.170079157;0.17137754;0.172274932;0.173091888
BEL;0.977999985;0.977999985;0.967400789;0.962493658;0.960626483;0.960043669;0.959924757;0.95996511;0.960091233;0.96025759;0.960400999;0.960456073;0.960453451;0.960453093;0.960462153;0.960489929;0.960525632;0.960541427
BEN;0.874000013;0.874000013;0.851953685;0.84970814;0.854452014;0.860504925;0.865973532;0.87045604;0.874056995;0.876908183;0.879036903;0.880426288;0.881100655;0.881181657;0.880872905;0.880365551;0.879803002;0.879253447
BFA;0.718999982;0.718999982;0.708318233;0.709667265;0.716772258;0.722293377;0.724424899;0.723299086;0.719629407;0.714108646;0.707192242;0.699253678;0.690759838;0.682291985;0.674351335;0.667255402;0.661086619;0.655661941
BGD;0.335999995;0.335999995;0.29139784;0.300661594;0.331597477;0.358079463;0.381247461;0.402092695;0.4205001;0.43610543;0.448992193;0.459194839;0.466885358;0.472749263;0.477029115;0.479885101;0.481626987;0.48266086
BGR;0.870000005;0.870000005;0.815481484;0.782030225;0.76682359;0.760554492;0.758305848;0.757631779;0.757381916;0.757108033;0.756882846;0.756918073;0.75718224;0.757505774;0.757788002;0.757962584;0.758040667;0.758076727
BHR;0.289999992;0.289999992;0.222759664;0.190816343;0.182764739;0.18245104;0.185224175;0.188304886;0.189711228;0.189789429;0.190195724;0.191446751;0.193370432;0.195400879;0.196946904;0.197732285;0.198062092;0.198298782
BIH;0.768000007;0.768000007;0.74944216;0.748303235;0.75446558;0.761392772;0.767185271;0.771552444;0.77448982;0.77619797;0.777299106;0.777920485;0.778289139;0.778659165;0.778998613;0.779248476;0.7794047;0.779465437
BLR;0.188000008;0.188000008;0.201712057;0.243635982;0.265657187;0.278135478;0.286862761;0.293561429;0.297038496;0.297275722;0.296560496;0.296937436;0.29864496;0.300786912;0.302399248;0.303197891;0.303487182;0.303763151
BOL;0.648999989;0.648999989;0.586109281;0.563348293;0.55857712;0.560254991;0.563752055;0.567557752;0.570695937;0.572939634;0.574540615;0.575678825;0.576496482;0.577288926;0.578139842;0.57896477;0.579660594;0.580220759
BRA;0.648999989;0.648999989;0.648737371;0.653809607;0.662284851;0.670125723;0.676921606;0.682717502;0.687252283;0.69072634;0.693472266;0.695554316;0.697003961;0.698151231;0.699067116;0.699720681;0.700159132;0.700457633
BRB;0.922999978;0.922999978;0.88075757;0.857795537;0.848731101;0.845984459;0.845717013;0.846228063;0.846858263;0.847567379;0.848057449;0.848406434;0.848748684;0.848895192;0.848958194;0.849066556;0.849221408;0.84929502
BTN;0.814999998;0.814999998;0.74734509;0.719572067;0.722873569;0.737802625;0.755647182;0.773093402;0.788804829;0.802239835;0.813174963;0.821707189;0.828100502;0.832690597;0.835799694;0.837708235;0.838730276;0.83914125
BWA;0.916999996;0.916999996;0.881468654;0.866319776;0.86273241;0.864009082;0.866738021;0.869458675;0.871672451;0.873297453;0.874426961;0.875179529;0.875641227;0.875885963;0.876002073;0.876049161;0.876056314;0.876052618
CAF;0.31099999;0.31099999;0.247999698;0.216855422;0.211729988;0.211662874;0.213419691;0.216074288;0.218566373;0.220590964;0.222141862;0.223177955;0.223907858;0.224566877;0.225336909;0.226030216;0.226624414;0.227129981
CAN;0.961000025;0.961000025;0.942927539;0.93227011;0.927590489;0.925680935;0.924896061;0.9245103;0.924296141;0.924228847;0.924284935;0.924373507;0.924440682;0.924515724;0.924589157;0.924667716;0.924749851;0.924812734
CHE;0.981000006;0.981000006;0.968627453;0.961646795;0.958297908;0.956972122;0.956574202;0.956537962;0.956637681;0.956783772;0.956945598;0.95705837;0.957104325;0.957138062;0.957163334;0.95718646;0.957207024;0.95720464
CHL;0.893999994;0.893999994;0.865962088;0.859589338;0.857486248;0.857175767;0.857528031;0.85806334;0.858597875;0.859068751;0.859455824;0.859752655;0.859966516;0.86010915;0.860198379;0.860250115;0.860277891;0.860293984
CHN;0.226999998;0.226999998;0.188480958;0.184140369;0.195116401;0.205549687;0.213658512;0.220485076;0.22598809;0.229304552;0.231310934;0.23265852;0.23378861;0.234675169;0.23572202;0.236730516;0.23756665;0.238109693
CIV;0.68900001;0.68900001;0.636853993;0.628122807;0.633181691;0.641614437;0.648901343;0.654512882;0.658497393;0.661137462;0.66265142;0.663121581;0.662704825;0.661723733;0.660481513;0.659171045;0.657951057;0.65682447
CMR;0.49000001;0.49000001;0.451784015;0.432109177;0.430738717;0.434337169;0.438861579;0.443202227;0.446763098;0.449645907;0.451960236;0.4539361;0.455417901;0.456528068;0.457260936;0.457687825;0.457987785;0.458108425
COD;0.361999989;0.361999989;0.234398052;0.178608105;0.160315052;0.156506896;0.157043874;0.159079313;0.161301881;0.163252547;0.164932892;0.166333377;0.167578995;0.168811381;0.169982627;0.170994163;0.171875119;0.172584921
COG;0.239999995;0.239999995;0.15697901;0.106273934;0.086112082;0.078681394;0.077298693;0.078829296;0.081143685;0.083432145;0.085484192;0.087343052;0.088957191;0.090394236;0.091609634;0.092607208;0.093443014;0.094147846
COL;0.578999996;0.578999996;0.499732167;0.469604969;0.464073271;0.465117365;0.468401849;0.472067475;0.475129783;0.477427244;0.478986591;0.47999692;0.480663538;0.481163055;0.481636524;0.482034475;0.48237443;0.48263967
COM;0.531000018;0.531000018;0.497103244;0.495649904;0.509394825;0.526821077;0.543067873;0.556481659;0.56690836;0.574887693;0.580794632;0.584849;0.587212503;0.588354707;0.588807523;0.588975787;0.589114964;0.589214981
CPV;0.890999973;0.890999973;0.85490638;0.842802227;0.841042042;0.843141377;0.846227944;0.849188924;0.851617634;0.853371024;0.85457015;0.855361342;0.855853677;0.856127381;0.856292069;0.85639292;0.856419683;0.856416762
CRI;0.967999995;0.967999995;0.948340714;0.936758995;0.931068718;0.928789079;0.928046465;0.927942336;0.92811662;0.9284513;0.928846538;0.929230511;0.92955631;0.929772913;0.929892302;0.929956794;0.929990053;0.930008888
CUB;0.340000004;0.340000004;0.226133049;0.189100504;0.179309279;0.174939558;0.171868876;0.170209318;0.169777334;0.169520527;0.16925016;0.168995947;0.168571338;0.168545574;0.168806493;0.169072703;0.169217318;0.169192776
CYP;0.938000023;0.938000023;0.905166745;0.88849014;0.881588042;0.879234016;0.878620207;0.878605962;0.878818154;0.879127383;0.879490674;0.879842401;0.880139291;0.88034004;0.880476713;0.880584836;0.880663276;0.880740821
CZE;0.943000019;0.943000019;0.917482197;0.906139433;0.900518298;0.897845507;0.896509409;0.895917475;0.895681024;0.895657241;0.895786643;0.895889461;0.895882607;0.895831466;0.895776927;0.895746708;0.8957479;0.89575702
DEU;0.99000001;0.99000001;0.984212458;0.980819285;0.9790892;0.978410065;0.978115082;0.977939487;0.977842808;0.97784692;0.977859974;0.97786659;0.977858365;0.977859795;0.977857172;0.977861881;0.977877796;0.977884829
DJI;0.467000008;0.467000008;0.396308184;0.38523829;0.399911523;0.414574146;0.427076966;0.438129753;0.448651105;0.458726645;0.467264801;0.473513335;0.477245033;0.478991836;0.479720891;0.479909897;0.480064929;0.479954153
DNK;0.973999977;0.973999977;0.969056785;0.96940583;0.969388604;0.96947068;0.969603717;0.969720185;0.969755828;0.969762504;0.969776392;0.969777763;0.969769061;0.969787955;0.969802558;0.969810963;0.969815791;0.969805956
DOM;0.833000004;0.833000004;0.752350688;0.701689482;0.686285436;0.684138954;0.686880827;0.691030681;0.695107102;0.698572218;0.701295078;0.703351557;0.704806745;0.705788851;0.706454396;0.706857681;0.70707196;0.707172453
DZA;0.606999993;0.606999993;0.54881227;0.524425507;0.524633408;0.538508594;0.553362906;0.564968586;0.573350549;0.579179764;0.583099544;0.586154938;0.588630557;0.590652406;0.592185497;0.593059421;0.593363047;0.593384266
ECU;0.869000018;0.869000018;0.794514477;0.752509177;0.735871017;0.730684102;0.730241954;0.731495321;0.733093381;0.734553754;0.735782862;0.736751854;0.73749131;0.738083661;0.738554955;0.738866031;0.739046872;0.73913765
EGY;0.319000006;0.319000006;0.270205051;0.259165704;0.271082252;0.287414879;0.304742545;0.320949525;0.333911568;0.343537629;0.35068658;0.356021255;0.359773248;0.362252057;0.363741457;0.36446768;0.364743888;0.364816934
ERI;0.030999999;0.030999999;0.033228625;0.03995442;0.047383487;0.05186972;0.054348957;0.0554244;0.055547263;0.055084608;0.054272436;0.053187594;0.05180034;0.050152112;0.048378784;0.04663134;0.04501918;0.043572441
ESP;0.973999977;0.973999977;0.959868908;0.952171326;0.948468745;0.946877003;0.946245551;0.946171224;0.946402729;0.946736634;0.947040677;0.947182059;0.947197497;0.947241604;0.947308481;0.947404504;0.947500169;0.947537363
EST;0.97299999;0.97299999;0.954775095;0.941261351;0.933792889;0.930084765;0.92822355;0.927212954;0.926636875;0.926509202;0.926581264;0.926621914;0.926559627;0.926482916;0.926425755;0.926441073;0.926513612;0.926548362
ETH;0.569000006;0.569000006;0.474688441;0.443171084;0.436614215;0.439785838;0.444385588;0.449221551;0.453632861;0.457007259;0.458479226;0.457921118;0.455878735;0.453149706;0.450303257;0.447577;0.445096791;0.442850947
FIN;0.986000001;0.986000001;0.977790177;0.97294724;0.970520258;0.969454467;0.968920469;0.968615711;0.968441904;0.968351901;0.968343854;0.968334079;0.968291938;0.968258083;0.968229711;0.968221664;0.968236327;0.968243718
FJI;0.711000025;0.711000025;0.599151313;0.544616103;0.526098251;0.518116117;0.514370978;0.512415886;0.511169791;0.510364294;0.509703338;0.5091573;0.50879252;0.508437157;0.508113325;0.507795453;0.50752008;0.507267654
FRA;0.958999991;0.958999991;0.944241345;0.939032793;0.936902165;0.93615973;0.935991466;0.936017811;0.936145008;0.93635124;0.936548114;0.936674356;0.936753511;0.936839283;0.936931252;0.937028408;0.937117159;0.937173188
GAB;0.862999976;0.862999976;0.803696454;0.778774858;0.771353841;0.770316064;0.771485686;0.773340344;0.775295615;0.777131021;0.778687716;0.779896855;0.780752361;0.781327665;0.781678915;0.781882048;0.78198421;0.782042563
GBR;0.924000025;0.924000025;0.900832593;0.890565991;0.885833085;0.883762658;0.882876992;0.882478118;0.882311106;0.882300377;0.882371366;0.882454574;0.882508218;0.882556677;0.882609248;0.88266468;0.882720649;0.882761359
GEO;0.875999987;0.875999987;0.776564598;0.71461308;0.687147498;0.674962044;0.669895589;0.668095767;0.667675555;0.667511344;0.667092383;0.6668998;0.667146921;0.667823732;0.668364525;0.668590784;0.668645799;0.668691397
GHA;0.907999992;0.907999992;0.88619113;0.87909621;0.879626811;0.882912636;0.886757135;0.890305281;0.893316746;0.895690858;0.897385299;0.898424447;0.898918808;0.899002492;0.898828149;0.898522794;0.898163795;0.897799134
GIN;0.272000015;0.272000015;0.239511415;0.227669492;0.232641011;0.244232669;0.256317109;0.267230004;0.275969058;0.282585144;0.287068069;0.289586425;0.290565729;0.290593892;0.29017505;0.289606005;0.289090097;0.28861177
GMB;0.879000008;0.879000008;0.722608387;0.622779429;0.583693862;0.573531389;0.575748682;0.582740605;0.590790093;0.598253131;0.604368746;0.608832598;0.611638427;0.61312592;0.613607228;0.61347568;0.613057733;0.612447917
GNB;0.713999987;0.713999987;0.621343791;0.583719075;0.580917299;0.590975344;0.60458374;0.61822921;0.63038677;0.640554667;0.648639917;0.65456295;0.658520997;0.660775244;0.661753774;0.662025511;0.661917329;0.661721528
GNQ;0.231999993;0.231999993;0.246816337;0.227362767;0.208308414;0.19270739;0.185265243;0.185547635;0.188556895;0.191926301;0.194923878;0.197316602;0.199560985;0.201475635;0.202949792;0.204060987;0.20488885;0.205483288
GRC;0.952000022;0.952000022;0.930586219;0.916800916;0.910301387;0.907526135;0.906394899;0.906023085;0.906025648;0.90620631;0.906438708;0.906628907;0.906741083;0.906830192;0.906900704;0.906955957;0.906991363;0.906985164
GTM;0.565999985;0.565999985;0.495136917;0.475539893;0.476410449;0.482342005;0.489053935;0.495291471;0.500628293;0.505028427;0.508430541;0.510844707;0.512341082;0.513147593;0.513498962;0.513480306;0.513178945;0.512673199
GUY;0.855000019;0.855000019;0.731473446;0.66895467;0.644727647;0.63480866;0.630687535;0.628922522;0.628259599;0.628352821;0.628559232;0.628109396;0.627037466;0.626172721;0.625725508;0.625603199;0.625481606;0.625071883
HKG;0.771000028;0.771000028;0.812439501;0.841610193;0.855717003;0.863074183;0.867247343;0.869806707;0.871507525;0.87271452;0.87363863;0.874400377;0.875035346;0.875556767;0.875988245;0.876326442;0.87656647;0.876730084
HND;0.630999982;0.630999982;0.532997549;0.485082358;0.471520275;0.470519692;0.474482328;0.480394691;0.486635119;0.492385119;0.497127056;0.500786722;0.503578484;0.505760908;0.507459402;0.508605659;0.509302735;0.509675205
HRV;0.861000001;0.861000001;0.838579476;0.830076396;0.827136695;0.826261163;0.826167643;0.826342285;0.826571167;0.826793253;0.826994479;0.827183187;0.827377856;0.827576578;0.827756226;0.827890277;0.827957809;0.827981293
HTI;0.448000014;0.448000014;0.411631376;0.390736789;0.390336573;0.401516825;0.416223139;0.431106567;0.444128066;0.454735309;0.46273306;0.46829024;0.471873373;0.474176347;0.475752205;0.476809502;0.477622867;0.478319913
HUN;0.88499999;0.88499999;0.847787321;0.829840839;0.821763813;0.818369985;0.81707257;0.816661298;0.816632986;0.816723168;0.816837132;0.817016959;0.817219913;0.817387402;0.817534685;0.817640603;0.817708313;0.81775552
IDN;0.709999979;0.709999979;0.660901785;0.647336841;0.649789393;0.654875159;0.660253823;0.665075183;0.668831646;0.671555936;0.673461676;0.674797177;0.675643861;0.676181376;0.676536381;0.676760733;0.67689836;0.676951945
IND;0.671000004;0.671000004;0.616991341;0.61034286;0.62834692;0.649842381;0.670431674;0.688744903;0.704384267;0.717296839;0.727434814;0.734935284;0.740136147;0.743553817;0.745640457;0.746742249;0.74718684;0.747263849
IRL;0.977999985;0.977999985;0.957214892;0.937498212;0.926117003;0.920718372;0.918287158;0.917258441;0.916893303;0.916833043;0.916886091;0.916937351;0.916929185;0.916934729;0.916973591;0.917049646;0.917147338;0.917222202
IRN;0.455000013;0.455000013;0.376599014;0.346316963;0.339344949;0.343950599;0.354824364;0.367432803;0.378347605;0.386058599;0.391057223;0.395770162;0.399553776;0.402554899;0.404781193;0.406145871;0.40686515;0.407282412
IRQ;0.284999996;0.284999996;0.254047751;0.245710045;0.244265422;0.250040233;0.256851524;0.263797194;0.269867688;0.273941785;0.275573969;0.275067776;0.272934914;0.269865453;0.266548514;0.263288826;0.260290533;0.257608682
ISL;0.976999998;0.976999998;0.960153341;0.950693369;0.945606947;0.943240106;0.942121446;0.941527486;0.941235602;0.941110492;0.941080451;0.941061258;0.941002965;0.940973163;0.940969527;0.940984011;0.941027462;0.941064954
ISR;0.911000013;0.911000013;0.864923716;0.83572793;0.822642982;0.817570448;0.816066742;0.816007495;0.816424191;0.816906571;0.817355335;0.817768514;0.818142116;0.818441093;0.818646073;0.818758368;0.818804264;0.818828166
ITA;0.943000019;0.943000019;0.911783874;0.895862997;0.888512373;0.885409892;0.884223223;0.883867323;0.883862674;0.884003818;0.884182334;0.884325743;0.884437203;0.884553313;0.884652615;0.884734929;0.884795845;0.88482374
JAM;0.860000014;0.860000014;0.781967163;0.737485349;0.717532694;0.708381593;0.704023898;0.702062249;0.701189041;0.700906277;0.700750113;0.700348854;0.699997962;0.699835002;0.699887812;0.70003736;0.700189531;0.700317562
JOR;0.718999982;0.718999982;0.606707633;0.549293935;0.527135134;0.520553052;0.520657718;0.523691595;0.527351558;0.530559838;0.533225715;0.535541832;0.537427366;0.538944006;0.540378153;0.541513562;0.542274237;0.542707503
JPN;0.961000025;0.961000025;0.9416278;0.930533469;0.924988687;0.922357559;0.921197355;0.920685887;0.920502365;0.920491517;0.920536458;0.920585096;0.920612216;0.920644224;0.920711696;0.920806766;0.920911968;0.920995712
KAZ;0.595000029;0.595000029;0.481920183;0.421791822;0.396663964;0.391011328;0.395368218;0.404697925;0.412845939;0.416234881;0.41561836;0.413873553;0.412491262;0.410930455;0.40935272;0.407765895;0.406434357;0.405669123
KEN;0.68599999;0.68599999;0.572045147;0.516257405;0.49993962;0.495634437;0.49495104;0.49502185;0.494780481;0.494175732;0.493336946;0.492540538;0.49177438;0.491122574;0.490597099;0.490108848;0.489725083;0.489462465
KGZ;0.630999982;0.630999982;0.509048522;0.442757159;0.411101133;0.398408622;0.394473195;0.394862711;0.396484673;0.397711962;0.398489833;0.399504453;0.401186109;0.402946293;0.404619813;0.406005532;0.40723905;0.408436775
KHM;0.310000002;0.310000002;0.271230727;0.255940706;0.265033722;0.276391983;0.287077785;0.298039913;0.307612032;0.315719068;0.321579635;0.325838208;0.329198837;0.331944466;0.333860725;0.334902167;0.335246414;0.335270792
KOR;0.954999983;0.954999983;0.931160569;0.917940736;0.912289739;0.910307586;0.909793258;0.90974164;0.909839571;0.909888744;0.909926295;0.909999609;0.910015702;0.910037518;0.910039783;0.910022557;0.90998894;0.90993768
KWT;0.693000019;0.693000019;0.573687732;0.511813045;0.485555559;0.477615178;0.481233597;0.489152998;0.498262465;0.506782353;0.513910174;0.519340336;0.522732854;0.524020731;0.523943305;0.523046136;0.52184087;0.520621538
LAO;0.193000004;0.193000004;0.132944912;0.110533208;0.110446721;0.11378929;0.118050151;0.122632667;0.12707451;0.130751044;0.133184627;0.134499535;0.135379001;0.136331588;0.137224331;0.137769476;0.137792081;0.137449652
LBN;0.612999976;0.612999976;0.52058351;0.453977644;0.427103728;0.417661339;0.419041663;0.426021427;0.43297857;0.438743979;0.44310227;0.446142972;0.44867298;0.451128393;0.45360902;0.455747634;0.457310379;0.458274364
LBR;0.77700001;0.77700001;0.709658146;0.679626405;0.675533533;0.68047744;0.68653065;0.691436231;0.694871962;0.697039485;0.698149502;0.698251307;0.697457731;0.696011186;0.694178402;0.692243457;0.690432131;0.688820481
LBY;0.103;0.103;0.065647379;0.076576374;0.089694321;0.102166779;0.115091279;0.127710447;0.138133734;0.145861894;0.151310921;0.155343443;0.158246487;0.160149038;0.161086351;0.161060646;0.160501242;0.159925416
LKA;0.658999979;0.658999979;0.535846591;0.493352026;0.48963204;0.499141842;0.512275219;0.524803877;0.535061777;0.542890251;0.548810244;0.553436816;0.556793451;0.558881998;0.560109735;0.560812593;0.561270237;0.561589301
LSO;0.842999995;0.842999995;0.767162561;0.716194153;0.69393903;0.685978532;0.684393585;0.685593128;0.687533617;0.689496815;0.691166222;0.692478418;0.693561673;0.694485009;0.695216954;0.695763052;0.696186304;0.696494639
LTU;0.944000006;0.944000006;0.917999625;0.902650952;0.895013571;0.891665697;0.890213609;0.889550924;0.889276028;0.889280796;0.889467001;0.889693975;0.88984108;0.889877439;0.889841914;0.889807999;0.889816344;0.889868617
LUX;0.968999982;0.968999982;0.95402956;0.946917593;0.943568349;0.942027748;0.941317558;0.941056848;0.941031873;0.941094339;0.941181481;0.941246986;0.941316605;0.941411734;0.941495359;0.941592216;0.941689968;0.941735208
LVA;0.954999983;0.954999983;0.922315001;0.898338795;0.885328114;0.879183054;0.876426756;0.875218213;0.874742806;0.874661505;0.874771655;0.874917805;0.875047207;0.875190139;0.875288308;0.875350416;0.875402689;0.8754403
MAR;0.699999988;0.699999988;0.651019275;0.640003562;0.653316438;0.675557375;0.700105667;0.723715544;0.744459152;0.761423588;0.774523437;0.78424567;0.791181266;0.795896292;0.798871338;0.800558746;0.801415265;0.801814556
MDA;0.792999983;0.792999983;0.710943043;0.675343633;0.664586365;0.660235226;0.658897042;0.65903157;0.659534514;0.659496546;0.658847868;0.658378959;0.658474088;0.658792675;0.659281075;0.659644544;0.659813881;0.659905553
MDG;0.609000027;0.609000027;0.477968365;0.416015744;0.394965559;0.386386395;0.381880403;0.37908271;0.377218634;0.375930041;0.374797642;0.37368378;0.372770369;0.372079939;0.371633887;0.371285766;0.370961368;0.370626956
MDV;0.702000022;0.702000022;0.513321042;0.429969639;0.407555938;0.404625148;0.410247862;0.419152439;0.428131998;0.435147554;0.439601392;0.442332178;0.444393814;0.446409315;0.447993428;0.448961765;0.449375719;0.449423224
MEX;0.629999995;0.629999995;0.519426584;0.467073381;0.449593127;0.446236759;0.448384851;0.451976091;0.455336332;0.458263397;0.460461289;0.46223712;0.46363917;0.464882731;0.466006905;0.46692428;0.467658818;0.468227476
MLI;0.638999999;0.638999999;0.586590707;0.560057402;0.550929606;0.544964552;0.537195146;0.526861489;0.515159369;0.503544807;0.492718577;0.482735485;0.473621577;0.465400577;0.458184242;0.452039063;0.446875274;0.442492723
MLT;0.912999988;0.912999988;0.878311932;0.8560673;0.845706761;0.841230452;0.839412868;0.838785648;0.838623703;0.838565111;0.838525057;0.838535964;0.838662148;0.838813007;0.838903487;0.838961422;0.838995874;0.839009523
MMR;0.526000023;0.526000023;0.396899402;0.313485891;0.290912956;0.288598478;0.29245764;0.298447073;0.304461867;0.309732169;0.313734412;0.316515267;0.318394929;0.319800943;0.321116865;0.322093785;0.322723001;0.322803825
MNE;0.735000014;0.735000014;0.672231555;0.649121225;0.641251266;0.638709426;0.638474703;0.638975084;0.639259815;0.639183998;0.639150202;0.639185846;0.63933897;0.639723778;0.640122175;0.640439034;0.640636563;0.640725315
MNG;0.838999987;0.838999987;0.766973734;0.727918148;0.710233331;0.70304817;0.700793028;0.700617373;0.700991988;0.701140702;0.70111233;0.701237321;0.701747596;0.702325225;0.702774763;0.703015924;0.70310843;0.703220248
MOZ;0.541999996;0.541999996;0.518437922;0.501574337;0.505693614;0.509252131;0.509941518;0.509139657;0.507907569;0.506636739;0.505296111;0.503763735;0.50172317;0.499396831;0.496916682;0.494523853;0.492409706;0.490583479
MRT;0.483999997;0.483999997;0.453430772;0.453535616;0.460935742;0.468043596;0.473337203;0.477457315;0.480976939;0.48385796;0.485732883;0.486425042;0.486037254;0.484788388;0.483241141;0.481729686;0.48035866;0.479129016
MUS;0.809000015;0.809000015;0.777059615;0.77801156;0.782725394;0.787501276;0.791446865;0.794368148;0.796497703;0.79801482;0.799019277;0.799640119;0.800002098;0.800235033;0.800440967;0.800586581;0.800689459;0.800748706
MWI;0.893000007;0.893000007;0.817085862;0.768502474;0.75123775;0.74775368;0.748981655;0.751238108;0.75305593;0.7539832;0.753950119;0.753112435;0.751760423;0.750142574;0.748468816;0.746876359;0.745434463;0.74416554
MYS;0.713999987;0.713999987;0.569580615;0.502874076;0.483993053;0.479702652;0.481201798;0.484576255;0.487678379;0.490148753;0.492025435;0.493270576;0.493921757;0.494400918;0.49491483;0.49543798;0.495882511;0.496135473
NAM;0.888999999;0.888999999;0.837097943;0.812931538;0.804973066;0.804232061;0.806097329;0.808626413;0.811025083;0.813004076;0.814494491;0.815547466;0.816264689;0.81673032;0.816982865;0.817082703;0.817099869;0.81706208
NER;0.783999979;0.783999979;0.749713123;0.747879565;0.756499231;0.764459074;0.769289017;0.770595372;0.768596947;0.763623953;0.756038666;0.746394813;0.735417485;0.723966897;0.712725878;0.702123642;0.692345262;0.68325603
NGA;0.698000014;0.698000014;0.653777599;0.639232934;0.640284956;0.646916389;0.652961969;0.656442702;0.657000005;0.655186951;0.65167582;0.646952629;0.641629815;0.636253595;0.631369531;0.627131343;0.623661935;0.620784044
NIC;0.240999997;0.240999997;0.296463251;0.325456023;0.344216406;0.359009326;0.371257424;0.381589442;0.390099466;0.397208184;0.402978897;0.407652587;0.411525905;0.41470328;0.417198777;0.418904305;0.419997811;0.420671582
NLD;0.964999974;0.964999974;0.947149456;0.937522352;0.932721734;0.930590153;0.929699063;0.929304361;0.929099381;0.929009438;0.928976297;0.928943336;0.928943872;0.928986132;0.92903477;0.929079175;0.929112256;0.929117978
NOR;0.958000004;0.958000004;0.953952372;0.953891158;0.953864634;0.953705072;0.953465223;0.953425884;0.953599274;0.953836977;0.954092979;0.954308748;0.954434633;0.954528749;0.95458883;0.954629004;0.954663396;0.95467788
NPL;0.743000031;0.743000031;0.697989464;0.698456943;0.719161212;0.741104066;0.76066941;0.777288616;0.790991306;0.801840246;0.810032248;0.815938115;0.819976807;0.822528601;0.82390976;0.824463367;0.824545145;0.824426174
NZL;0.976000011;0.976000011;0.961583972;0.95302546;0.949004889;0.947402835;0.946952224;0.946950853;0.947091997;0.947331309;0.947629213;0.947893381;0.948058426;0.948191226;0.948298097;0.948378325;0.948435664;0.948443413
OMN;0.619000018;0.619000018;0.548725188;0.522387385;0.519029319;0.528426051;0.543884933;0.560274541;0.571377695;0.579374909;0.585558772;0.590789974;0.595169961;0.598542094;0.600964665;0.602393389;0.603033006;0.603220999
PAK;0.287999988;0.287999988;0.231164321;0.22023955;0.228243828;0.23787573;0.24797298;0.257946521;0.266495347;0.272691667;0.276516616;0.27854839;0.279688805;0.280323952;0.280357689;0.279611945;0.278293133;0.276771516
PAN;0.821999967;0.821999967;0.772789299;0.748146892;0.740516365;0.739407301;0.740721047;0.742814958;0.744913161;0.746739268;0.74827224;0.749498188;0.750451148;0.751180112;0.751737118;0.752136052;0.752405226;0.752570987
PER;0.795000017;0.795000017;0.719942093;0.686392605;0.675142407;0.672910988;0.674295127;0.676956415;0.679691017;0.682108283;0.684013605;0.685394704;0.68636477;0.687069774;0.687615573;0.688025296;0.688344359;0.688578129
PHL;0.545000017;0.545000017;0.465669215;0.428979546;0.423752725;0.421627253;0.420462579;0.419754088;0.419045031;0.4182055;0.41724661;0.416261822;0.415242791;0.414472163;0.414037168;0.413781315;0.413579315;0.413336754
PNG;0.717999995;0.717999995;0.680041194;0.65694803;0.650419533;0.651793599;0.656730056;0.663086414;0.669193268;0.674484909;0.678729475;0.681872308;0.684120715;0.685648024;0.686758459;0.687582552;0.688190818;0.688596904
POL;0.824000001;0.824000001;0.811241567;0.809054852;0.808481753;0.808362007;0.808493257;0.808710396;0.80886364;0.808889985;0.808814883;0.808751047;0.808790386;0.808897376;0.80902195;0.809114516;0.809144914;0.809133649
PRK;0.008;0.008;0.00433404;0.003532831;0.003326239;0.003245714;0.003219023;0.003220482;0.003234376;0.003252898;0.0032741;0.003301172;0.00333908;0.003389981;0.003452345;0.003525319;0.003613506;0.003727291
PRT;0.922999978;0.922999978;0.919237256;0.928364098;0.933752477;0.937255859;0.939629734;0.941359222;0.942703962;0.94375658;0.944550037;0.94509542;0.945465326;0.945727587;0.945892632;0.94599694;0.946053088;0.9460482
PRY;0.766000032;0.766000032;0.674650848;0.63410306;0.618701816;0.613087177;0.611606359;0.611824334;0.612541437;0.613280356;0.613876283;0.614302635;0.614632308;0.614926279;0.615220189;0.615427673;0.615510285;0.615468323
QAT;0.540000021;0.540000021;0.439257979;0.390273511;0.377451956;0.375621051;0.377564758;0.379907548;0.380424142;0.381018728;0.381222665;0.38177073;0.382954657;0.3845613;0.386164218;0.387360066;0.388070673;0.388309091
ROU;0.819000006;0.819000006;0.742125511;0.707734406;0.69491297;0.690256536;0.688991129;0.688845158;0.68910557;0.689016402;0.688991368;0.689139545;0.689464629;0.689873874;0.690271139;0.690502405;0.690556407;0.690506935
RUS;0.460000008;0.460000008;0.357114464;0.308442682;0.288232207;0.282922864;0.286203653;0.292503357;0.29661262;0.296705097;0.295386761;0.294956803;0.295701891;0.29684186;0.298484027;0.299365133;0.299902767;0.300639838
RWA;0.419999987;0.419999987;0.402772754;0.412832052;0.434803545;0.453771234;0.468729734;0.479979008;0.487734079;0.492747217;0.496382862;0.499050438;0.501015007;0.502267659;0.50292021;0.503183305;0.503345191;0.503545046
SAU;0.192000002;0.192000002;0.139420182;0.123636894;0.122040957;0.125459403;0.131530881;0.138968959;0.1461142;0.151827171;0.155670062;0.157997161;0.159130052;0.159355491;0.159107208;0.158562467;0.157887682;0.157182485
SDN;0.298999995;0.298999995;0.175938711;0.132323131;0.125496268;0.125555351;0.127264664;0.129202276;0.130691856;0.131474465;0.131527111;0.130953372;0.130045742;0.129291683;0.128577456;0.12805219;0.127633512;0.127509832
SEN;0.877000034;0.877000034;0.836771905;0.815866292;0.809699893;0.808937669;0.80974108;0.810690761;0.811286569;0.811368823;0.81090486;0.809932709;0.808551311;0.8068977;0.805111289;0.803313732;0.801598072;0.800004423
SGP;0.917999983;0.917999983;0.877880931;0.858183026;0.852221131;0.852277696;0.854301214;0.856578827;0.858506918;0.859963775;0.861009836;0.861760318;0.86232084;0.862758458;0.863089144;0.863325536;0.863469839;0.863549411
SLB;0.772000015;0.772000015;0.672980487;0.621261537;0.601225436;0.596065938;0.597531855;0.601851761;0.606833577;0.611506045;0.615412831;0.618399382;0.620460987;0.621762156;0.622615993;0.623250067;0.623766899;0.624193907
SLE;0.810000002;0.810000002;0.73403585;0.695592225;0.685695827;0.686307073;0.689127088;0.691551685;0.693069339;0.693638027;0.693116903;0.691389263;0.68865788;0.685427845;0.682161331;0.679149628;0.676508605;0.674170077
SLV;0.472000003;0.472000003;0.428060174;0.428940654;0.438555807;0.449142426;0.459223479;0.468547136;0.476746678;0.483529061;0.488477349;0.491613775;0.493769109;0.495486528;0.496912181;0.497970372;0.498699248;0.499199301
SOM;0.142000005;0.142000005;0.087650701;0.072889462;0.072111666;0.072503842;0.072719105;0.072567083;0.072225109;0.071839601;0.071472518;0.071223341;0.071284823;0.071927607;0.073513411;0.076633982;0.082650058;0.095461689
SRB;0.805999994;0.805999994;0.777495384;0.768035829;0.766759396;0.76680553;0.767127752;0.767419934;0.767561197;0.767591655;0.767589152;0.767597735;0.76757741;0.767548442;0.767574787;0.767618001;0.767629862;0.767585754
STP;0.922999978;0.922999978;0.886654496;0.868990362;0.862379551;0.86044544;0.86041379;0.860945761;0.861560404;0.862117887;0.862445831;0.862671614;0.862857521;0.86289835;0.862889767;0.862855196;0.862786472;0.862740159
SUR;0.850000024;0.850000024;0.781356633;0.731691241;0.706847429;0.695632875;0.691092253;0.689997375;0.690288544;0.691040397;0.691970646;0.692630291;0.693039238;0.693475962;0.693974674;0.694424629;0.69476223;0.694991112
SVK;0.908999979;0.908999979;0.878064036;0.862201631;0.854558229;0.851046264;0.849487364;0.848855197;0.848636687;0.848541319;0.848457873;0.848380327;0.848334372;0.848339856;0.848382056;0.848428547;0.848444343;0.848435402
SVN;0.930999994;0.930999994;0.906709194;0.89926815;0.895633519;0.894063056;0.893376589;0.893089354;0.893010914;0.893057406;0.89316082;0.893258393;0.893318534;0.893369496;0.893423378;0.893490016;0.893557012;0.893587768
SWE;0.987999976;0.987999976;0.980964005;0.976686299;0.974508643;0.973496497;0.973012328;0.972718954;0.972498178;0.972413301;0.972499907;0.972547591;0.972515166;0.972471297;0.972435772;0.97243309;0.972474158;0.972511947
SWZ;0.414999992;0.414999992;0.304150403;0.262251049;0.249833018;0.245865256;0.245136321;0.245652929;0.246319339;0.246484831;0.245939448;0.245351419;0.244841039;0.244472817;0.244203657;0.243706167;0.24321191;0.242759198
SYR;0.066;0.066;0.050831798;0.041675188;0.040933881;0.042160381;0.044654489;0.048055384;0.051672142;0.055051968;0.057810377;0.059850115;0.061176397;0.062137805;0.063071817;0.063908927;0.06453336;0.064880654
TCD;0.294;0.294;0.253909737;0.225490659;0.214562193;0.209557563;0.206437886;0.203889146;0.201388329;0.199003845;0.196688682;0.194451168;0.192340016;0.190465033;0.18876484;0.18725197;0.185902879;0.184746951
TGO;0.708000004;0.708000004;0.616210222;0.566298962;0.559339404;0.565190196;0.574267566;0.583562553;0.591879785;0.598938406;0.604631186;0.608838916;0.61168319;0.613444626;0.614466369;0.615055025;0.615445614;0.615654826
THA;0.307000011;0.307000011;0.28886956;0.282316655;0.287014186;0.291804403;0.295793265;0.298961759;0.3014597;0.30343768;0.30492723;0.306153864;0.307140917;0.308168471;0.309395611;0.310524583;0.311314553;0.311746657
TJK;0.169999987;0.169999987;0.137440965;0.121301189;0.114611596;0.112478681;0.112627096;0.114323519;0.116522826;0.118319817;0.119396381;0.119965397;0.120429665;0.121071555;0.121957712;0.122806169;0.12343429;0.12383648
TKM;0.119999997;0.119999997;0.075309746;0.053549208;0.044443227;0.0426534;0.043642294;0.045633446;0.048135635;0.049752004;0.050753966;0.051758923;0.052830495;0.053985737;0.055176809;0.056146368;0.056821607;0.05726229
TLS;0.730000019;0.730000019;0.758777916;0.780671358;0.800483882;0.815977454;0.826855242;0.834078968;0.838692009;0.84152478;0.842995703;0.843394399;0.843040645;0.842296958;0.841440499;0.840595722;0.839779556;0.838973582
TTO;0.888999999;0.888999999;0.828839362;0.798102975;0.784230351;0.778492868;0.776596904;0.77637738;0.776523113;0.776598394;0.776706636;0.776943207;0.777252078;0.77754128;0.777774155;0.777888;0.777947009;0.778011143
TUN;0.834999979;0.834999979;0.734620094;0.685195506;0.675115168;0.684384108;0.700905263;0.718641639;0.734113157;0.746289909;0.755295277;0.761794448;0.76635462;0.769407511;0.771352291;0.772485614;0.773059249;0.773300648
TUR;0.252000004;0.252000004;0.271469116;0.292104632;0.309363902;0.320488989;0.328313321;0.33400014;0.33787179;0.340584278;0.342425406;0.343726128;0.344872117;0.346113533;0.347282708;0.348187685;0.348809332;0.349183887
TZA;0.671000004;0.671000004;0.617842853;0.597083569;0.595955789;0.600136399;0.60477674;0.608452559;0.611023724;0.612778425;0.613900125;0.614611983;0.615040362;0.615290403;0.615406036;0.615385473;0.615304947;0.615174294
UGA;0.442000002;0.442000002;0.412441522;0.403116882;0.408852726;0.414642483;0.418974936;0.422194183;0.424098462;0.425096273;0.425459296;0.425514519;0.425571471;0.425830483;0.426106393;0.426388681;0.42674309;0.427010864
UKR;0.709999979;0.709999979;0.594969511;0.526211977;0.499597728;0.489826828;0.487797588;0.488812506;0.48958531;0.489319623;0.488868028;0.489198327;0.490501732;0.492073476;0.493389279;0.494232506;0.494751602;0.495229483
URY;0.959999979;0.959999979;0.931494594;0.914456546;0.905807614;0.901857913;0.900151432;0.89945668;0.899184048;0.899088442;0.89908272;0.899114192;0.899149537;0.899169266;0.899162769;0.899140239;0.899117529;0.899106443
USA;0.913999975;0.913999975;0.886580169;0.873154402;0.867255867;0.86493367;0.864186347;0.864093363;0.864264786;0.864528716;0.864804506;0.865043759;0.865239263;0.865404069;0.865527511;0.865610957;0.865661621;0.865684628
UZB;0.476999998;0.476999998;0.686433077;0.770353675;0.803501785;0.816978216;0.822741449;0.825302362;0.826428056;0.826884508;0.827032447;0.827076495;0.827112138;0.827162027;0.827228189;0.827283859;0.827320337;0.827345073
VEN;0.221000001;0.221000001;0.221078902;0.205570534;0.19306311;0.186177015;0.184254333;0.186567307;0.191189751;0.196577147;0.201982439;0.206776917;0.210498407;0.213181973;0.215123326;0.216459095;0.217374578;0.217982233
VNM;0.467999995;0.467999995;0.370571762;0.33621648;0.334764153;0.336647838;0.339298934;0.34265694;0.34601903;0.348749965;0.35035044;0.352092832;0.354349494;0.356772393;0.358954281;0.36055848;0.361633688;0.362374067
VUT;0.853999972;0.853999972;0.793453217;0.75765574;0.742791474;0.737894893;0.738132894;0.740645945;0.743464112;0.74598515;0.747979164;0.749381423;0.750356317;0.750941992;0.751251876;0.75139761;0.751466811;0.751514792
YEM;0.052999996;0.052999996;0.052802764;0.050453577;0.053341232;0.056497697;0.060123123;0.064105786;0.067619652;0.070306279;0.072099648;0.073396511;0.074298002;0.074872486;0.075187296;0.075157903;0.074863322;0.074502446
ZAF;0.842000008;0.842000008;0.798230529;0.778025091;0.771650314;0.771533251;0.773782253;0.776599884;0.779049754;0.780892551;0.782250702;0.783210218;0.783880949;0.784363568;0.784715712;0.784953535;0.785121858;0.785237193
ZMB;0.586000025;0.586000025;0.556270778;0.538347125;0.529574096;0.528704882;0.52966547;0.530881226;0.53139472;0.531432331;0.531240702;0.530920982;0.530676305;0.530597031;0.530501306;0.530420601;0.530330896;0.530230463
ZWE;0.467000008;0.467000008;0.332673997;0.263879657;0.234965533;0.219663084;0.210251302;0.20425427;0.200243488;0.197451085;0.195626229;0.194567189;0.194414124;0.194996849;0.196231037;0.197672769;0.199215695;0.200755328
