Model,Scenario,Region,Variable,Unit,2010,2015,2020,2025,2030,2035,2040,2045,2050,2055,2060,2065,2070,2075,2080,2085,2090,2095,2100
AIM/CGE,SSP1-19,R5.2ASIA,Primary Energy|Oil,EJ/yr,35.405,39.413,43.421,41.171,38.922,33.210,27.499,23.732,19.966,15.270,10.575,8.778,6.981,5.901,4.821,4.459,4.098,3.612,3.126
AIM/CGE,SSP1-26,R5.2ASIA,Primary Energy|Oil,EJ/yr,35.398,39.413,43.427,46.681,49.934,46.448,42.962,40.631,38.300,34.740,31.180,26.680,22.179,19.891,17.604,15.443,13.282,12.217,11.151
AIM/CGE,SSP2-45,R5.2ASIA,Primary Energy|Oil,EJ/yr,37.897,45.760,53.623,59.834,66.046,70.089,74.132,75.243,76.354,74.280,72.206,69.538,66.869,63.887,60.904,58.447,55.991,53.816,51.640
AIM/CGE,SSP3-Baseline,R5.2ASIA,Primary Energy|Oil,EJ/yr,37.694,46.255,54.815,60.245,65.675,67.731,69.786,68.731,67.676,65.494,63.313,62.336,61.360,61.042,60.724,60.867,61.009,57.956,54.903
AIM/CGE,SSP4-34,R5.2ASIA,Primary Energy|Oil,EJ/yr,37.006,42.902,48.798,53.349,57.900,57.670,57.440,54.577,51.713,47.597,43.481,39.555,35.629,31.978,28.326,25.694,23.061,21.153,19.245
AIM/CGE,SSP5-34,R5.2ASIA,Primary Energy|Oil,EJ/yr,37.552,45.027,52.503,62.015,71.528,76.176,80.825,84.703,88.581,85.653,82.726,78.638,74.549,69.837,65.125,60.961,56.798,52.488,48.179
AIM/CGE,SSP5-Baseline,R5.2ASIA,Primary Energy|Oil,EJ/yr,37.458,44.472,51.487,60.319,69.152,77.248,85.345,89.081,92.818,94.015,95.211,93.645,92.079,88.053,84.026,75.021,66.016,56.655,47.293
GCAM4,SSP1-19,R5.2ASIA,Primary Energy|Oil,EJ/yr,45.920,50.197,54.475,57.318,60.160,62.023,63.886,62.178,60.470,55.067,49.663,44.247,38.830,33.491,28.151,24.312,20.473,15.416,10.359
GCAM4,SSP1-26,R5.2ASIA,Primary Energy|Oil,EJ/yr,45.920,50.215,54.510,58.224,61.939,64.646,67.353,67.850,68.348,65.263,62.179,57.334,52.489,46.736,40.982,35.408,29.834,25.824,21.815
GCAM4,SSP2-45,R5.2ASIA,Primary Energy|Oil,EJ/yr,45.920,52.284,58.647,61.940,65.234,66.754,68.274,71.226,74.177,75.667,77.157,77.398,77.640,75.848,74.056,72.862,71.669,68.463,65.258
GCAM4,SSP3-Baseline,R5.2ASIA,Primary Energy|Oil,EJ/yr,45.920,52.301,58.681,60.159,61.636,61.366,61.095,61.072,61.049,60.417,59.785,61.757,63.729,66.809,69.889,73.134,76.378,79.562,82.747
GCAM4,SSP4-34,R5.2ASIA,Primary Energy|Oil,EJ/yr,45.920,51.989,58.057,60.964,63.870,64.737,65.603,64.761,63.919,59.940,55.962,50.703,45.443,37.985,30.526,22.868,15.209,12.263,9.316
GCAM4,SSP4-60,R5.2ASIA,Primary Energy|Oil,EJ/yr,45.920,51.989,58.057,61.347,64.637,66.614,68.592,69.848,71.104,70.771,70.437,70.870,71.303,70.788,70.274,68.418,66.562,63.397,60.231
GCAM4,SSP5-34,R5.2ASIA,Primary Energy|Oil,EJ/yr,45.920,53.011,60.103,68.008,75.914,81.881,87.849,94.632,101.415,102.632,103.850,99.548,95.246,86.832,78.417,63.270,48.124,35.026,21.929
GCAM4,SSP5-Baseline,R5.2ASIA,Primary Energy|Oil,EJ/yr,45.920,52.990,60.060,67.430,74.800,83.609,92.417,100.348,108.278,115.390,122.502,130.018,137.533,143.338,149.144,152.781,156.418,155.744,155.070
IMAGE,SSP1-19,R5.2ASIA,Primary Energy|Oil,EJ/yr,44.675,43.423,42.170,35.388,28.606,23.162,17.717,16.039,14.361,13.559,12.757,12.233,11.708,11.103,10.498,10.036,9.575,9.055,8.535
IMAGE,SSP1-26,R5.2ASIA,Primary Energy|Oil,EJ/yr,44.675,45.800,46.925,47.116,47.308,45.309,43.309,42.413,41.516,40.370,39.224,36.665,34.106,28.315,22.524,19.237,15.950,15.331,14.712
IMAGE,SSP2-45,R5.2ASIA,Primary Energy|Oil,EJ/yr,44.989,46.330,47.671,50.021,52.371,53.618,54.865,58.412,61.959,67.223,72.488,74.314,76.139,70.730,65.321,60.066,54.810,55.307,55.804
IMAGE,SSP3-Baseline,R5.2ASIA,Primary Energy|Oil,EJ/yr,45.404,47.395,49.386,51.205,53.024,51.194,49.364,50.037,50.710,54.505,58.301,60.800,63.299,64.813,66.326,66.369,66.411,65.656,64.901
IMAGE,SSP4-34,R5.2ASIA,Primary Energy|Oil,EJ/yr,45.477,47.108,48.740,54.215,59.689,58.687,57.685,57.543,57.401,59.588,61.776,58.111,54.446,45.008,35.571,29.824,24.078,22.534,20.990
IMAGE,SSP4-60,R5.2ASIA,Primary Energy|Oil,EJ/yr,45.354,47.267,49.179,56.636,64.092,66.034,67.975,71.472,74.970,83.895,92.820,94.342,95.864,91.785,87.706,85.118,82.529,79.346,76.163
IMAGE,SSP5-34,R5.2ASIA,Primary Energy|Oil,EJ/yr,46.147,49.175,52.204,59.732,67.260,76.871,86.481,86.460,86.438,78.324,70.210,61.365,52.519,47.390,42.261,36.159,30.057,25.893,21.730
IMAGE,SSP5-Baseline,R5.2ASIA,Primary Energy|Oil,EJ/yr,46.076,49.377,52.677,62.743,72.809,85.935,99.061,110.730,122.400,131.329,140.258,141.607,142.955,139.631,136.307,128.043,119.780,109.033,98.285
MESSAGE-GLOBIOM,SSP1-19,R5.2ASIA,Primary Energy|Oil,EJ/yr,40.741,48.260,55.780,57.986,60.192,61.708,63.223,51.311,39.398,25.956,12.514,7.867,3.219,1.895,0.571,0.286,0.000,0.000,0.000
MESSAGE-GLOBIOM,SSP1-26,R5.2ASIA,Primary Energy|Oil,EJ/yr,40.760,47.964,55.169,60.489,65.809,73.794,81.779,81.164,80.549,68.119,55.689,44.131,32.573,23.969,15.365,10.416,5.467,3.159,0.852
MESSAGE-GLOBIOM,SSP2-45,R5.2ASIA,Primary Energy|Oil,EJ/yr,41.467,49.257,57.047,60.246,63.445,69.720,75.996,78.575,81.153,76.783,72.413,66.294,60.174,53.522,46.871,37.025,27.178,20.141,13.103
MESSAGE-GLOBIOM,SSP3-Baseline,R5.2ASIA,Primary Energy|Oil,EJ/yr,41.001,55.706,70.411,79.663,88.915,95.683,102.451,102.276,102.100,91.859,81.617,67.903,54.188,37.806,21.425,13.104,4.783,2.540,0.298
REMIND-MAGPIE,SSP1-19,R5.2ASIA,Primary Energy|Oil,EJ/yr,39.674,45.641,51.607,56.299,60.990,60.245,59.500,48.115,36.730,25.053,13.375,8.337,3.299,2.630,1.960,1.770,1.581,1.474,1.367
REMIND-MAGPIE,SSP1-26,R5.2ASIA,Primary Energy|Oil,EJ/yr,39.674,45.641,51.607,58.634,65.660,70.575,75.490,73.565,71.640,58.500,45.360,34.042,22.724,16.414,10.104,6.508,2.913,2.359,1.805
REMIND-MAGPIE,SSP2-45,R5.2ASIA,Primary Energy|Oil,EJ/yr,40.052,46.662,53.271,61.696,70.120,76.615,83.110,82.525,81.940,76.570,71.200,66.625,62.050,58.490,54.930,50.720,46.509,47.769,49.029
REMIND-MAGPIE,SSP5-34,R5.2ASIA,Primary Energy|Oil,EJ/yr,40.089,55.835,71.580,91.600,111.620,118.795,125.970,126.450,126.930,115.475,104.020,83.835,63.650,48.607,33.564,25.487,17.410,14.355,11.300
REMIND-MAGPIE,SSP5-Baseline,R5.2ASIA,Primary Energy|Oil,EJ/yr,40.089,56.055,72.020,93.020,114.020,122.685,131.350,132.655,133.960,124.685,115.410,98.095,80.780,68.841,56.901,47.847,38.792,31.126,23.459
WITCH-GLOBIOM,SSP1-19,R5.2ASIA,Primary Energy|Oil,EJ/yr,49.415,58.478,67.542,49.282,31.022,29.161,27.301,22.391,17.481,13.874,10.267,8.325,6.383,4.498,2.612,1.313,0.013,0.006,0.000
WITCH-GLOBIOM,SSP1-26,R5.2ASIA,Primary Energy|Oil,EJ/yr,49.415,60.332,71.248,65.706,60.164,60.563,60.962,60.507,60.051,57.992,55.933,53.197,50.461,46.982,43.502,34.819,26.136,13.312,0.489
WITCH-GLOBIOM,SSP2-45,R5.2ASIA,Primary Energy|Oil,EJ/yr,49.415,65.368,81.321,91.531,101.740,108.976,116.211,118.915,121.620,122.114,122.609,122.010,121.411,118.017,114.624,108.375,102.126,96.397,90.667
WITCH-GLOBIOM,SSP3-Baseline,R5.2ASIA,Primary Energy|Oil,EJ/yr,49.415,66.299,83.184,92.753,102.321,105.160,107.999,107.962,107.925,107.544,107.163,107.213,107.262,105.932,104.602,104.297,103.992,104.157,104.322
WITCH-GLOBIOM,SSP4-34,R5.2ASIA,Primary Energy|Oil,EJ/yr,49.415,64.935,80.455,88.692,96.929,99.688,102.447,101.451,100.455,98.919,97.383,97.318,97.253,93.773,90.293,80.316,70.340,52.806,35.273
WITCH-GLOBIOM,SSP4-60,R5.2ASIA,Primary Energy|Oil,EJ/yr,49.415,63.196,76.977,86.644,96.312,100.030,103.749,106.336,108.924,109.313,109.702,108.563,107.424,104.157,100.890,94.015,87.139,75.126,63.113
WITCH-GLOBIOM,SSP5-34,R5.2ASIA,Primary Energy|Oil,EJ/yr,49.415,60.072,70.730,65.756,60.783,66.706,72.630,78.702,84.774,90.066,95.357,96.853,98.350,99.233,100.117,95.196,90.275,69.798,49.321
WITCH-GLOBIOM,SSP5-Baseline,R5.2ASIA,Primary Energy|Oil,EJ/yr,49.415,62.542,75.669,90.700,105.731,120.025,134.320,143.525,152.731,156.227,159.724,161.248,162.772,161.927,161.081,159.851,158.620,152.807,146.995
AIM/CGE,SSP1-19,R5.2LAM,Primary Energy|Oil,EJ/yr,12.902,13.073,13.244,11.478,9.712,8.258,6.804,5.783,4.761,3.605,2.450,2.047,1.644,1.415,1.185,1.126,1.066,0.968,0.869
AIM/CGE,SSP1-26,R5.2LAM,Primary Energy|Oil,EJ/yr,12.901,13.073,13.245,12.950,12.655,11.543,10.432,9.944,9.457,8.774,8.092,7.021,5.950,5.512,5.075,4.584,4.094,3.847,3.601
AIM/CGE,SSP2-45,R5.2LAM,Primary Energy|Oil,EJ/yr,13.534,14.599,15.664,16.590,17.516,18.322,19.128,19.474,19.821,19.409,18.997,18.824,18.650,18.764,18.878,18.982,19.086,19.254,19.422
AIM/CGE,SSP3-Baseline,R5.2LAM,Primary Energy|Oil,EJ/yr,13.962,15.745,17.528,19.204,20.881,22.023,23.165,24.009,24.853,25.581,26.308,27.139,27.970,28.817,29.665,30.651,31.638,32.384,33.130
AIM/CGE,SSP4-34,R5.2LAM,Primary Energy|Oil,EJ/yr,12.998,13.284,13.571,13.547,13.523,13.043,12.563,11.933,11.303,10.636,9.970,9.463,8.955,8.504,8.053,7.621,7.189,6.892,6.595
AIM/CGE,SSP5-34,R5.2LAM,Primary Energy|Oil,EJ/yr,13.451,14.276,15.102,15.673,16.245,16.943,17.641,18.988,20.336,20.468,20.600,20.202,19.804,19.263,18.723,18.500,18.278,18.059,17.840
AIM/CGE,SSP5-Baseline,R5.2LAM,Primary Energy|Oil,EJ/yr,13.440,14.270,15.100,16.662,18.224,20.379,22.534,24.309,26.083,27.608,29.133,30.578,32.022,32.746,33.469,33.636,33.803,31.034,28.266
GCAM4,SSP1-19,R5.2LAM,Primary Energy|Oil,EJ/yr,16.705,17.559,18.414,17.876,17.338,16.940,16.541,15.642,14.742,12.691,10.640,8.703,6.765,5.260,3.754,2.729,1.705,1.053,0.402
GCAM4,SSP1-26,R5.2LAM,Primary Energy|Oil,EJ/yr,16.705,17.544,18.383,18.291,18.200,18.064,17.928,17.515,17.101,15.941,14.780,13.484,12.189,10.093,7.997,6.091,4.184,2.862,1.540
GCAM4,SSP2-45,R5.2LAM,Primary Energy|Oil,EJ/yr,16.705,18.159,19.613,20.065,20.516,20.253,19.991,20.150,20.309,20.031,19.753,19.296,18.840,17.725,16.611,15.677,14.743,13.246,11.749
GCAM4,SSP3-Baseline,R5.2LAM,Primary Energy|Oil,EJ/yr,16.705,18.555,20.404,20.161,19.917,19.573,19.229,19.196,19.163,18.965,18.767,19.557,20.346,21.488,22.629,23.773,24.917,25.983,27.050
GCAM4,SSP4-34,R5.2LAM,Primary Energy|Oil,EJ/yr,16.705,18.004,19.303,19.118,18.934,18.511,18.088,17.424,16.760,15.298,13.835,12.433,11.031,9.416,7.802,6.674,5.546,4.997,4.449
GCAM4,SSP4-60,R5.2LAM,Primary Energy|Oil,EJ/yr,16.705,18.004,19.303,19.503,19.704,19.574,19.444,19.355,19.267,18.856,18.445,18.579,18.714,18.673,18.631,18.253,17.875,17.100,16.325
GCAM4,SSP5-34,R5.2LAM,Primary Energy|Oil,EJ/yr,16.705,18.271,19.837,21.277,22.717,23.099,23.481,24.004,24.527,23.733,22.940,21.537,20.135,17.615,15.096,11.595,8.095,5.804,3.513
GCAM4,SSP5-Baseline,R5.2LAM,Primary Energy|Oil,EJ/yr,16.705,18.565,20.425,21.217,22.009,23.620,25.231,26.955,28.679,30.133,31.587,33.392,35.198,36.677,38.156,39.123,40.090,39.944,39.798
IMAGE,SSP1-19,R5.2LAM,Primary Energy|Oil,EJ/yr,14.251,13.908,13.566,10.569,7.573,5.565,3.557,2.982,2.407,2.196,1.986,1.920,1.855,1.798,1.742,1.667,1.592,1.511,1.431
IMAGE,SSP1-26,R5.2LAM,Primary Energy|Oil,EJ/yr,14.251,14.760,15.270,14.505,13.741,12.658,11.576,11.607,11.638,11.063,10.489,8.680,6.872,5.176,3.481,2.999,2.518,2.538,2.557
IMAGE,SSP2-45,R5.2LAM,Primary Energy|Oil,EJ/yr,14.317,15.301,16.285,16.096,15.906,15.130,14.354,15.176,15.997,17.242,18.486,18.223,17.960,15.899,13.837,11.980,10.124,9.710,9.297
IMAGE,SSP3-Baseline,R5.2LAM,Primary Energy|Oil,EJ/yr,14.385,15.575,16.766,16.689,16.612,15.629,14.645,15.339,16.032,17.463,18.893,20.133,21.372,22.026,22.679,22.765,22.851,22.865,22.878
IMAGE,SSP4-34,R5.2LAM,Primary Energy|Oil,EJ/yr,14.382,15.200,16.019,15.860,15.701,14.752,13.802,14.004,14.206,14.268,14.329,12.767,11.204,9.451,7.699,6.744,5.789,5.647,5.505
IMAGE,SSP4-60,R5.2LAM,Primary Energy|Oil,EJ/yr,14.379,15.393,16.407,16.883,17.359,17.025,16.691,17.722,18.753,19.912,21.072,20.324,19.577,18.936,18.294,17.951,17.608,17.499,17.389
IMAGE,SSP5-34,R5.2LAM,Primary Energy|Oil,EJ/yr,14.669,15.775,16.880,17.212,17.543,17.776,18.009,17.968,17.927,15.864,13.801,11.555,9.309,8.199,7.089,5.918,4.747,4.396,4.045
IMAGE,SSP5-Baseline,R5.2LAM,Primary Energy|Oil,EJ/yr,14.667,16.099,17.531,18.481,19.430,20.394,21.359,23.946,26.533,27.632,28.732,27.767,26.803,24.512,22.220,20.031,17.842,16.137,14.433
MESSAGE-GLOBIOM,SSP1-19,R5.2LAM,Primary Energy|Oil,EJ/yr,15.314,16.219,17.125,15.766,14.407,12.308,10.209,6.769,3.330,1.764,0.197,0.099,0.000,0.000,0.000,0.000,0.000,0.000,0.000
MESSAGE-GLOBIOM,SSP1-26,R5.2LAM,Primary Energy|Oil,EJ/yr,15.311,15.727,16.143,16.227,16.312,16.273,16.234,13.319,10.405,6.544,2.684,1.617,0.549,0.281,0.014,0.012,0.010,0.005,0.000
MESSAGE-GLOBIOM,SSP2-45,R5.2LAM,Primary Energy|Oil,EJ/yr,15.397,16.189,16.981,18.056,19.131,20.883,22.635,22.410,22.184,19.070,15.956,14.384,12.812,9.529,6.246,4.266,2.286,1.558,0.831
MESSAGE-GLOBIOM,SSP3-Baseline,R5.2LAM,Primary Energy|Oil,EJ/yr,15.226,18.106,20.986,22.638,24.289,25.712,27.135,27.758,28.380,28.172,27.964,23.054,18.145,11.845,5.544,3.267,0.989,0.859,0.730
REMIND-MAGPIE,SSP1-19,R5.2LAM,Primary Energy|Oil,EJ/yr,13.860,12.600,11.340,11.050,10.760,11.115,11.470,9.609,7.747,5.639,3.531,2.454,1.376,0.801,0.225,0.179,0.132,0.126,0.120
REMIND-MAGPIE,SSP1-26,R5.2LAM,Primary Energy|Oil,EJ/yr,13.860,12.600,11.340,11.570,11.800,13.165,14.530,13.190,11.850,8.877,5.904,3.660,1.416,0.952,0.487,0.416,0.345,0.308,0.272
REMIND-MAGPIE,SSP2-45,R5.2LAM,Primary Energy|Oil,EJ/yr,13.930,13.020,12.110,13.175,14.240,14.915,15.590,13.985,12.380,10.885,9.390,7.161,4.932,3.112,1.292,1.162,1.032,1.012,0.992
REMIND-MAGPIE,SSP5-34,R5.2LAM,Primary Energy|Oil,EJ/yr,13.940,14.550,15.160,18.790,22.420,23.750,25.080,23.215,21.350,18.600,15.850,11.599,7.347,4.481,1.615,1.167,0.719,0.673,0.627
REMIND-MAGPIE,SSP5-Baseline,R5.2LAM,Primary Energy|Oil,EJ/yr,13.940,14.530,15.120,18.885,22.650,25.190,27.730,28.940,30.150,30.850,31.550,31.240,30.930,30.075,29.220,26.540,23.860,20.170,16.480
WITCH-GLOBIOM,SSP1-19,R5.2LAM,Primary Energy|Oil,EJ/yr,18.465,18.251,18.037,13.461,8.886,8.930,8.975,7.293,5.610,4.040,2.470,2.078,1.687,1.332,0.978,0.492,0.006,0.003,0.000
WITCH-GLOBIOM,SSP1-26,R5.2LAM,Primary Energy|Oil,EJ/yr,18.465,18.733,19.000,16.329,13.657,13.555,13.453,13.486,13.518,13.520,13.522,13.501,13.480,13.062,12.644,10.031,7.418,3.710,0.001
WITCH-GLOBIOM,SSP2-45,R5.2LAM,Primary Energy|Oil,EJ/yr,18.465,20.260,22.055,23.515,24.975,26.560,28.145,28.857,29.568,29.882,30.196,30.310,30.424,30.100,29.775,27.987,26.200,16.738,7.276
WITCH-GLOBIOM,SSP3-Baseline,R5.2LAM,Primary Energy|Oil,EJ/yr,18.465,20.708,22.951,24.771,26.591,27.677,28.762,29.290,29.818,30.122,30.425,30.784,31.144,31.055,30.966,30.925,30.884,30.375,29.866
WITCH-GLOBIOM,SSP4-34,R5.2LAM,Primary Energy|Oil,EJ/yr,18.465,20.080,21.696,22.362,23.028,23.115,23.201,23.240,23.280,23.270,23.260,23.239,23.217,22.552,21.887,17.644,13.401,6.723,0.045
WITCH-GLOBIOM,SSP4-60,R5.2LAM,Primary Energy|Oil,EJ/yr,18.465,19.566,20.667,21.761,22.855,23.474,24.094,24.580,25.067,25.528,25.988,26.421,26.854,26.763,26.673,24.368,22.063,11.099,0.136
WITCH-GLOBIOM,SSP5-34,R5.2LAM,Primary Energy|Oil,EJ/yr,18.465,18.571,18.678,16.629,14.581,16.154,17.727,19.138,20.550,22.018,23.486,24.975,26.464,27.644,28.824,27.717,26.611,14.680,2.750
WITCH-GLOBIOM,SSP5-Baseline,R5.2LAM,Primary Energy|Oil,EJ/yr,18.465,19.374,20.284,21.671,23.058,25.888,28.718,31.187,33.655,35.335,37.014,38.232,39.449,40.076,40.703,41.087,41.470,39.985,38.499
AIM/CGE,SSP1-19,R5.2MAF,Primary Energy|Oil,EJ/yr,18.358,20.483,22.607,22.402,22.196,20.626,19.057,17.687,16.317,13.556,10.795,9.492,8.190,7.279,6.368,6.105,5.842,5.330,4.818
AIM/CGE,SSP1-26,R5.2MAF,Primary Energy|Oil,EJ/yr,18.356,20.483,22.609,24.456,26.302,26.094,25.885,25.880,25.875,25.181,24.488,22.674,20.859,19.974,19.088,17.887,16.686,16.079,15.472
AIM/CGE,SSP2-45,R5.2MAF,Primary Energy|Oil,EJ/yr,19.133,22.395,25.657,29.342,33.027,36.345,39.664,41.917,44.171,45.495,46.818,48.235,49.652,50.469,51.285,52.068,52.851,53.050,53.249
AIM/CGE,SSP3-Baseline,R5.2MAF,Primary Energy|Oil,EJ/yr,19.359,23.053,26.748,30.358,33.969,37.320,40.671,42.143,43.616,44.200,44.785,45.365,45.945,45.765,45.585,46.053,46.521,47.814,49.107
AIM/CGE,SSP4-34,R5.2MAF,Primary Energy|Oil,EJ/yr,18.665,21.139,23.612,26.362,29.111,30.320,31.528,31.325,31.121,30.141,29.162,28.325,27.489,26.758,26.027,25.417,24.806,24.595,24.385
AIM/CGE,SSP5-34,R5.2MAF,Primary Energy|Oil,EJ/yr,19.040,22.257,25.475,29.466,33.457,38.435,43.413,48.507,53.601,56.806,60.010,61.693,63.376,63.229,63.083,61.100,59.118,51.678,44.239
AIM/CGE,SSP5-Baseline,R5.2MAF,Primary Energy|Oil,EJ/yr,19.010,22.114,25.218,30.028,34.838,41.599,48.361,53.516,58.672,63.744,68.815,71.875,74.936,75.744,76.551,66.831,57.111,46.206,35.300
GCAM4,SSP1-19,R5.2MAF,Primary Energy|Oil,EJ/yr,22.583,22.421,22.260,22.758,23.256,24.680,26.105,27.159,28.214,28.294,28.374,27.846,27.318,26.280,25.242,23.404,21.566,18.647,15.728
GCAM4,SSP1-26,R5.2MAF,Primary Energy|Oil,EJ/yr,22.583,22.405,22.227,23.081,23.935,25.681,27.428,29.425,31.423,32.709,33.994,34.012,34.029,33.166,32.304,30.792,29.281,27.116,24.952
GCAM4,SSP2-45,R5.2MAF,Primary Energy|Oil,EJ/yr,22.583,23.061,23.539,24.819,26.098,27.148,28.197,31.592,34.986,39.398,43.810,48.564,53.319,57.747,62.175,66.871,71.566,73.966,76.365
GCAM4,SSP3-Baseline,R5.2MAF,Primary Energy|Oil,EJ/yr,22.583,23.230,23.878,24.719,25.560,26.620,27.681,29.402,31.122,33.866,36.609,41.240,45.871,52.185,58.500,65.892,73.284,81.094,88.903
GCAM4,SSP4-34,R5.2MAF,Primary Energy|Oil,EJ/yr,22.583,23.016,23.448,24.442,25.435,26.418,27.400,28.238,29.076,29.412,29.748,29.835,29.921,29.534,29.147,28.236,27.325,24.845,22.366
GCAM4,SSP4-60,R5.2MAF,Primary Energy|Oil,EJ/yr,22.583,23.016,23.448,24.725,26.002,27.326,28.650,30.342,32.033,34.149,36.266,39.270,42.274,45.552,48.829,51.779,54.729,56.800,58.870
GCAM4,SSP5-34,R5.2MAF,Primary Energy|Oil,EJ/yr,22.583,23.312,24.041,26.914,29.786,33.267,36.747,43.510,50.273,56.387,62.500,66.050,69.600,68.656,67.711,60.078,52.445,44.257,36.068
GCAM4,SSP5-Baseline,R5.2MAF,Primary Energy|Oil,EJ/yr,22.583,23.426,24.270,26.640,29.009,34.378,39.748,47.714,55.679,66.242,76.806,88.759,100.713,111.840,122.968,132.774,142.581,148.107,153.634
IMAGE,SSP1-19,R5.2MAF,Primary Energy|Oil,EJ/yr,20.737,21.520,22.304,18.857,15.410,12.657,9.903,9.068,8.232,7.218,6.203,5.829,5.456,5.332,5.207,5.027,4.846,4.612,4.378
IMAGE,SSP1-26,R5.2MAF,Primary Energy|Oil,EJ/yr,20.737,23.311,25.886,26.753,27.621,27.641,27.660,26.734,25.807,26.110,26.414,26.025,25.636,21.990,18.345,15.092,11.839,10.722,9.605
IMAGE,SSP2-45,R5.2MAF,Primary Energy|Oil,EJ/yr,20.789,23.288,25.787,25.800,25.814,27.278,28.742,29.415,30.088,31.758,33.428,36.366,39.304,40.436,41.568,41.153,40.738,43.529,46.321
IMAGE,SSP3-Baseline,R5.2MAF,Primary Energy|Oil,EJ/yr,20.815,23.904,26.992,27.898,28.804,31.928,35.052,36.018,36.984,36.677,36.369,36.823,37.278,39.603,41.929,44.874,47.819,50.969,54.119
IMAGE,SSP4-34,R5.2MAF,Primary Energy|Oil,EJ/yr,20.803,23.719,26.635,28.130,29.624,29.804,29.984,29.857,29.730,29.152,28.575,27.406,26.237,24.174,22.112,20.055,17.998,17.484,16.971
IMAGE,SSP4-60,R5.2MAF,Primary Energy|Oil,EJ/yr,20.827,24.169,27.511,30.669,33.828,35.967,38.107,39.232,40.357,40.715,41.073,41.450,41.827,42.654,43.482,45.128,46.773,48.832,50.891
IMAGE,SSP5-34,R5.2MAF,Primary Energy|Oil,EJ/yr,21.137,24.348,27.559,30.876,34.193,37.260,40.326,40.673,41.019,39.143,37.268,34.120,30.972,30.051,29.129,27.141,25.152,23.089,21.026
IMAGE,SSP5-Baseline,R5.2MAF,Primary Energy|Oil,EJ/yr,21.166,25.081,28.995,33.841,38.687,43.975,49.262,54.290,59.317,65.776,72.234,80.490,88.746,93.463,98.181,97.822,97.463,92.992,88.521
MESSAGE-GLOBIOM,SSP1-19,R5.2MAF,Primary Energy|Oil,EJ/yr,21.706,25.606,29.506,28.677,27.848,24.120,20.391,14.181,7.971,4.574,1.177,0.681,0.185,0.093,0.000,0.000,0.000,0.000,0.000
MESSAGE-GLOBIOM,SSP1-26,R5.2MAF,Primary Energy|Oil,EJ/yr,21.694,25.568,29.443,29.400,29.358,28.261,27.165,22.360,17.556,13.879,10.203,8.532,6.861,5.873,4.886,2.957,1.029,0.588,0.148
MESSAGE-GLOBIOM,SSP2-45,R5.2MAF,Primary Energy|Oil,EJ/yr,21.969,24.657,27.346,28.685,30.024,30.984,31.943,32.001,32.058,32.763,33.468,31.479,29.491,29.433,29.374,30.606,31.837,30.862,29.887
MESSAGE-GLOBIOM,SSP3-Baseline,R5.2MAF,Primary Energy|Oil,EJ/yr,21.781,25.314,28.847,32.120,35.393,36.659,37.926,38.541,39.156,43.333,47.511,47.203,46.895,35.585,24.276,16.703,9.131,8.411,7.691
REMIND-MAGPIE,SSP1-19,R5.2MAF,Primary Energy|Oil,EJ/yr,22.224,27.475,32.725,32.750,32.774,32.215,31.656,27.666,23.676,17.434,11.191,7.615,4.039,2.856,1.673,1.352,1.031,0.991,0.951
REMIND-MAGPIE,SSP1-26,R5.2MAF,Primary Energy|Oil,EJ/yr,22.224,27.475,32.725,34.595,36.464,38.282,40.100,39.435,38.770,33.550,28.330,23.492,18.653,13.804,8.955,5.653,2.350,1.920,1.490
REMIND-MAGPIE,SSP2-45,R5.2MAF,Primary Energy|Oil,EJ/yr,23.375,32.037,40.699,42.339,43.978,44.884,45.790,46.765,47.740,46.130,44.520,43.940,43.360,43.485,43.610,41.435,39.260,41.215,43.170
REMIND-MAGPIE,SSP5-34,R5.2MAF,Primary Energy|Oil,EJ/yr,23.333,33.140,42.947,46.424,49.900,54.635,59.370,63.160,66.950,60.475,54.000,46.995,39.990,33.507,27.024,20.186,13.348,10.988,8.628
REMIND-MAGPIE,SSP5-Baseline,R5.2MAF,Primary Energy|Oil,EJ/yr,23.333,32.648,41.962,45.501,49.040,53.600,58.160,63.695,69.230,67.730,66.230,63.230,60.230,57.670,55.110,47.675,40.240,32.390,24.540
WITCH-GLOBIOM,SSP1-19,R5.2MAF,Primary Energy|Oil,EJ/yr,23.277,24.628,25.979,19.040,12.100,12.714,13.328,11.712,10.097,8.134,6.170,5.315,4.460,3.886,3.312,2.030,0.748,0.575,0.402
WITCH-GLOBIOM,SSP1-26,R5.2MAF,Primary Energy|Oil,EJ/yr,23.277,25.401,27.525,23.632,19.739,20.332,20.925,22.485,24.045,25.824,27.604,29.526,31.449,32.647,33.845,31.921,29.997,20.217,10.436
WITCH-GLOBIOM,SSP2-45,R5.2MAF,Primary Energy|Oil,EJ/yr,23.277,27.176,31.075,34.913,38.751,43.257,47.763,51.973,56.184,60.183,64.182,68.436,72.691,76.842,80.992,83.316,85.640,79.845,74.049
WITCH-GLOBIOM,SSP3-Baseline,R5.2MAF,Primary Energy|Oil,EJ/yr,23.277,27.469,31.662,37.411,43.160,48.818,54.475,58.589,62.704,65.068,67.432,70.086,72.739,76.093,79.447,83.648,87.849,89.577,91.306
WITCH-GLOBIOM,SSP4-34,R5.2MAF,Primary Energy|Oil,EJ/yr,23.277,27.664,32.051,35.156,38.262,39.666,41.070,41.573,42.077,41.833,41.589,41.349,41.109,40.576,40.043,36.319,32.595,28.480,24.365
WITCH-GLOBIOM,SSP4-60,R5.2MAF,Primary Energy|Oil,EJ/yr,23.277,26.414,29.551,33.393,37.236,40.137,43.037,44.936,46.834,47.675,48.516,49.218,49.920,50.590,51.259,50.462,49.665,43.647,37.629
WITCH-GLOBIOM,SSP5-34,R5.2MAF,Primary Energy|Oil,EJ/yr,23.277,24.977,26.678,23.971,21.263,25.275,29.287,34.072,38.856,44.838,50.819,58.210,65.600,73.237,80.873,85.756,90.639,81.820,73.000
WITCH-GLOBIOM,SSP5-Baseline,R5.2MAF,Primary Energy|Oil,EJ/yr,23.277,26.503,29.730,33.887,38.043,45.864,53.685,62.907,72.128,81.231,90.335,99.311,108.287,116.464,124.641,131.327,138.012,135.264,132.516
AIM/CGE,SSP1-19,R5.2OECD,Primary Energy|Oil,EJ/yr,81.202,80.694,80.186,72.306,64.425,56.743,49.061,41.849,34.637,27.604,20.571,17.541,14.511,12.592,10.674,10.159,9.644,8.833,8.023
AIM/CGE,SSP1-26,R5.2OECD,Primary Energy|Oil,EJ/yr,81.204,80.706,80.208,79.441,78.675,72.791,66.906,62.850,58.794,54.634,50.475,44.754,39.033,37.077,35.120,33.071,31.021,30.258,29.495
AIM/CGE,SSP2-45,R5.2OECD,Primary Energy|Oil,EJ/yr,83.881,86.519,89.157,92.825,96.494,98.701,100.909,99.893,98.877,95.652,92.427,89.692,86.958,84.451,81.945,79.334,76.724,73.967,71.210
AIM/CGE,SSP3-Baseline,R5.2OECD,Primary Energy|Oil,EJ/yr,83.810,86.918,90.026,90.105,90.184,88.799,87.414,83.707,79.999,75.011,70.022,65.339,60.656,55.849,51.041,47.071,43.101,39.456,35.810
AIM/CGE,SSP4-34,R5.2OECD,Primary Energy|Oil,EJ/yr,81.351,81.234,81.118,81.159,81.200,78.254,75.309,70.909,66.509,62.391,58.274,54.728,51.181,48.521,45.861,43.262,40.663,38.323,35.984
AIM/CGE,SSP5-34,R5.2OECD,Primary Energy|Oil,EJ/yr,83.313,86.121,88.929,93.110,97.292,101.063,104.833,110.357,115.881,117.135,118.389,118.769,119.150,117.827,116.504,115.864,115.225,115.291,115.357
AIM/CGE,SSP5-Baseline,R5.2OECD,Primary Energy|Oil,EJ/yr,83.263,86.626,89.989,96.155,102.321,110.416,118.510,123.918,129.327,134.667,140.008,143.430,146.851,147.521,148.191,142.013,135.835,125.045,114.255
GCAM4,SSP1-19,R5.2OECD,Primary Energy|Oil,EJ/yr,82.285,80.382,78.479,73.686,68.892,65.987,63.083,59.611,56.139,49.480,42.822,37.385,31.949,25.982,20.015,15.569,11.123,8.019,4.915
GCAM4,SSP1-26,R5.2OECD,Primary Energy|Oil,EJ/yr,82.285,80.325,78.364,74.469,70.574,68.117,65.660,63.678,61.696,57.911,54.125,50.629,47.133,41.270,35.407,28.777,22.147,17.189,12.231
GCAM4,SSP2-45,R5.2OECD,Primary Energy|Oil,EJ/yr,82.285,81.413,80.541,77.189,73.837,71.520,69.202,67.777,66.352,63.888,61.424,59.858,58.292,55.011,51.730,48.733,45.736,41.197,36.657
GCAM4,SSP3-Baseline,R5.2OECD,Primary Energy|Oil,EJ/yr,82.285,81.535,80.786,75.345,69.904,65.708,61.512,58.375,55.238,50.733,46.229,45.314,44.399,43.820,43.241,42.481,41.720,40.841,39.962
GCAM4,SSP4-34,R5.2OECD,Primary Energy|Oil,EJ/yr,82.285,81.264,80.242,76.472,72.701,69.915,67.129,64.091,61.054,55.083,49.113,44.182,39.252,33.344,27.436,21.075,14.714,9.601,4.488
GCAM4,SSP4-60,R5.2OECD,Primary Energy|Oil,EJ/yr,82.285,81.264,80.242,77.227,74.212,72.135,70.059,68.516,66.973,64.130,61.286,61.153,61.021,60.417,59.813,58.185,56.558,53.816,51.074
GCAM4,SSP5-34,R5.2OECD,Primary Energy|Oil,EJ/yr,82.285,82.295,82.305,81.432,80.559,80.025,79.491,80.051,80.612,79.504,78.396,77.299,76.202,71.550,66.899,54.456,42.014,29.422,16.830
GCAM4,SSP5-Baseline,R5.2OECD,Primary Energy|Oil,EJ/yr,82.285,82.561,82.838,80.799,78.761,79.598,80.435,83.084,85.734,89.131,92.529,99.649,106.768,114.276,121.785,128.869,135.954,141.199,146.443
IMAGE,SSP1-19,R5.2OECD,Primary Energy|Oil,EJ/yr,82.052,75.084,68.116,49.274,30.432,20.340,10.248,8.535,6.822,6.352,5.882,5.417,4.951,4.471,3.991,3.771,3.551,3.636,3.722
IMAGE,SSP1-26,R5.2OECD,Primary Energy|Oil,EJ/yr,82.052,77.859,73.666,63.200,52.734,43.817,34.901,31.088,27.274,23.489,19.704,16.662,13.620,10.754,7.888,7.167,6.446,7.352,8.258
IMAGE,SSP2-45,R5.2OECD,Primary Energy|Oil,EJ/yr,81.746,77.730,73.713,65.511,57.310,50.717,44.124,42.991,41.859,42.310,42.762,40.820,38.878,33.195,27.511,23.642,19.773,20.105,20.436
IMAGE,SSP3-Baseline,R5.2OECD,Primary Energy|Oil,EJ/yr,82.488,79.346,76.203,65.990,55.777,46.211,36.644,32.974,29.304,29.009,28.714,28.720,28.726,27.726,26.726,25.859,24.992,24.359,23.725
IMAGE,SSP4-34,R5.2OECD,Primary Energy|Oil,EJ/yr,83.012,78.481,73.950,65.605,57.260,49.151,41.042,41.512,41.982,41.670,41.358,37.452,33.547,30.088,26.629,24.586,22.543,22.261,21.979
IMAGE,SSP4-60,R5.2OECD,Primary Energy|Oil,EJ/yr,83.012,78.673,74.335,68.108,61.881,56.829,51.776,53.526,55.275,58.000,60.726,58.011,55.296,53.316,51.335,51.970,52.605,51.159,49.713
IMAGE,SSP5-34,R5.2OECD,Primary Energy|Oil,EJ/yr,83.542,80.815,78.089,71.048,64.007,60.535,57.062,55.529,53.995,50.688,47.382,41.799,36.215,32.811,29.407,26.804,24.200,23.865,23.530
IMAGE,SSP5-Baseline,R5.2OECD,Primary Energy|Oil,EJ/yr,83.541,83.035,82.530,76.945,71.360,68.415,65.470,68.687,71.904,74.575,77.247,77.504,77.760,76.012,74.264,72.712,71.159,70.191,69.224
MESSAGE-GLOBIOM,SSP1-19,R5.2OECD,Primary Energy|Oil,EJ/yr,78.617,82.488,86.359,76.777,67.194,53.794,40.394,28.325,16.256,11.249,6.242,3.638,1.034,0.533,0.032,0.016,0.001,0.000,0.000
MESSAGE-GLOBIOM,SSP1-26,R5.2OECD,Primary Energy|Oil,EJ/yr,78.589,82.729,86.869,84.309,81.749,73.494,65.240,53.529,41.819,32.998,24.177,17.284,10.391,7.640,4.889,2.938,0.986,0.506,0.025
MESSAGE-GLOBIOM,SSP2-45,R5.2OECD,Primary Energy|Oil,EJ/yr,78.769,82.519,86.269,89.002,91.735,89.202,86.670,83.187,79.703,72.455,65.206,54.284,43.361,36.354,29.346,22.077,14.807,10.765,6.724
MESSAGE-GLOBIOM,SSP3-Baseline,R5.2OECD,Primary Energy|Oil,EJ/yr,78.883,86.663,94.442,98.900,103.358,101.380,99.402,95.553,91.703,82.533,73.363,55.503,37.643,25.795,13.946,10.190,6.434,5.614,4.795
REMIND-MAGPIE,SSP1-19,R5.2OECD,Primary Energy|Oil,EJ/yr,88.904,85.119,81.334,79.952,78.569,72.561,66.552,51.994,37.435,25.378,13.321,8.950,4.579,3.000,1.420,1.234,1.048,0.965,0.882
REMIND-MAGPIE,SSP1-26,R5.2OECD,Primary Energy|Oil,EJ/yr,88.904,85.119,81.334,82.140,82.945,82.082,81.218,72.484,63.749,51.941,40.132,29.423,18.713,12.346,5.979,3.846,1.713,1.583,1.452
REMIND-MAGPIE,SSP2-45,R5.2OECD,Primary Energy|Oil,EJ/yr,89.119,86.455,83.790,86.870,89.949,89.229,88.509,80.264,72.018,63.567,55.116,46.192,37.267,30.317,23.367,20.210,17.054,15.907,14.761
REMIND-MAGPIE,SSP5-34,R5.2OECD,Primary Energy|Oil,EJ/yr,89.157,95.124,101.090,114.100,127.110,127.140,127.170,118.419,109.668,96.703,83.738,65.921,48.104,37.163,26.222,21.684,17.146,15.375,13.604
REMIND-MAGPIE,SSP5-Baseline,R5.2OECD,Primary Energy|Oil,EJ/yr,89.157,96.464,103.770,117.485,131.200,132.405,133.610,129.395,125.180,125.745,126.310,125.205,124.099,130.137,136.175,138.353,140.531,135.666,130.801
WITCH-GLOBIOM,SSP1-19,R5.2OECD,Primary Energy|Oil,EJ/yr,74.755,71.211,67.666,52.876,38.086,30.349,22.612,16.335,10.058,7.494,4.930,3.764,2.599,1.636,0.673,0.347,0.021,0.010,0.000
WITCH-GLOBIOM,SSP1-26,R5.2OECD,Primary Energy|Oil,EJ/yr,74.755,72.140,69.525,62.698,55.870,53.347,50.825,47.229,43.634,38.636,33.639,29.301,24.963,20.148,15.333,8.591,1.848,0.924,0.001
WITCH-GLOBIOM,SSP2-45,R5.2OECD,Primary Energy|Oil,EJ/yr,74.755,76.194,77.632,79.376,81.120,82.119,83.118,81.399,79.680,75.877,72.074,66.941,61.807,55.206,48.605,39.666,30.728,19.341,7.953
WITCH-GLOBIOM,SSP3-Baseline,R5.2OECD,Primary Energy|Oil,EJ/yr,74.755,79.287,83.819,86.160,88.502,88.419,88.337,86.807,85.278,83.425,81.572,79.116,76.661,73.837,71.013,68.291,65.569,62.318,59.066
WITCH-GLOBIOM,SSP4-34,R5.2OECD,Primary Energy|Oil,EJ/yr,74.755,74.219,73.683,75.007,76.331,76.228,76.125,73.736,71.347,66.484,61.621,56.610,51.599,44.949,38.299,27.922,17.545,9.429,1.313
WITCH-GLOBIOM,SSP4-60,R5.2OECD,Primary Energy|Oil,EJ/yr,74.755,73.472,72.188,74.866,77.544,78.587,79.629,79.131,78.634,75.702,72.771,67.504,62.237,57.687,53.137,46.612,40.087,32.163,24.238
WITCH-GLOBIOM,SSP5-34,R5.2OECD,Primary Energy|Oil,EJ/yr,74.755,74.965,75.175,72.092,69.009,71.084,73.158,71.345,69.532,64.086,58.639,51.997,45.354,39.259,33.163,23.648,14.133,7.417,0.700
WITCH-GLOBIOM,SSP5-Baseline,R5.2OECD,Primary Energy|Oil,EJ/yr,74.755,78.560,82.365,86.608,90.852,96.140,101.428,104.521,107.614,107.052,106.490,104.145,101.799,96.172,90.544,81.577,72.609,65.020,57.430
AIM/CGE,SSP1-19,R5.2REF,Primary Energy|Oil,EJ/yr,7.443,7.888,8.333,7.348,6.362,5.415,4.468,3.701,2.934,2.169,1.404,1.152,0.900,0.751,0.601,0.557,0.512,0.450,0.388
AIM/CGE,SSP1-26,R5.2REF,Primary Energy|Oil,EJ/yr,7.443,7.888,8.333,8.553,8.773,8.128,7.484,6.866,6.248,5.656,5.065,4.373,3.681,3.369,3.057,2.730,2.404,2.249,2.094
AIM/CGE,SSP2-45,R5.2REF,Primary Energy|Oil,EJ/yr,7.817,8.767,9.718,10.482,11.247,11.701,12.154,11.976,11.799,11.373,10.948,10.627,10.306,10.142,9.978,9.914,9.851,9.817,9.783
AIM/CGE,SSP3-Baseline,R5.2REF,Primary Energy|Oil,EJ/yr,7.485,8.172,8.858,9.247,9.636,9.679,9.722,9.462,9.202,8.949,8.695,8.497,8.300,8.150,8.000,7.832,7.665,7.530,7.395
AIM/CGE,SSP4-34,R5.2REF,Primary Energy|Oil,EJ/yr,7.463,7.903,8.343,8.491,8.639,8.400,8.161,7.573,6.984,6.509,6.034,5.689,5.345,5.023,4.701,4.354,4.006,3.713,3.420
AIM/CGE,SSP5-34,R5.2REF,Primary Energy|Oil,EJ/yr,7.757,8.663,9.570,10.411,11.253,11.664,12.075,12.587,13.098,12.607,12.116,11.423,10.731,10.103,9.476,9.288,9.101,9.200,9.300
AIM/CGE,SSP5-Baseline,R5.2REF,Primary Energy|Oil,EJ/yr,7.757,8.665,9.574,10.909,12.245,13.554,14.864,15.655,16.447,16.838,17.230,17.817,18.405,18.627,18.849,19.377,19.905,17.873,15.842
GCAM4,SSP1-19,R5.2REF,Primary Energy|Oil,EJ/yr,8.586,8.567,8.547,8.251,7.956,7.761,7.565,7.191,6.816,6.052,5.288,4.599,3.909,3.160,2.412,1.562,0.712,0.364,0.016
GCAM4,SSP1-26,R5.2REF,Primary Energy|Oil,EJ/yr,8.586,8.563,8.540,8.345,8.149,8.019,7.888,7.657,7.426,6.970,6.515,6.067,5.619,4.914,4.209,3.364,2.518,1.591,0.665
GCAM4,SSP2-45,R5.2REF,Primary Energy|Oil,EJ/yr,8.586,8.733,8.879,8.722,8.565,8.391,8.217,8.196,8.175,8.035,7.896,7.808,7.720,7.355,6.990,6.618,6.246,5.629,5.013
GCAM4,SSP3-Baseline,R5.2REF,Primary Energy|Oil,EJ/yr,8.586,8.784,8.981,8.708,8.436,8.220,8.005,7.840,7.676,7.450,7.224,7.509,7.794,8.207,8.620,9.044,9.467,9.848,10.228
GCAM4,SSP4-34,R5.2REF,Primary Energy|Oil,EJ/yr,8.586,8.685,8.784,8.589,8.394,8.270,8.147,7.859,7.570,6.951,6.332,5.790,5.248,4.401,3.555,2.968,2.382,1.836,1.290
GCAM4,SSP4-60,R5.2REF,Primary Energy|Oil,EJ/yr,8.586,8.685,8.784,8.679,8.574,8.532,8.490,8.379,8.268,7.998,7.727,7.747,7.766,7.678,7.590,7.372,7.153,6.811,6.469
GCAM4,SSP5-34,R5.2REF,Primary Energy|Oil,EJ/yr,8.586,8.804,9.022,9.232,9.443,9.574,9.705,9.874,10.042,9.730,9.417,8.995,8.573,7.869,7.165,5.919,4.672,3.539,2.405
GCAM4,SSP5-Baseline,R5.2REF,Primary Energy|Oil,EJ/yr,8.586,8.806,9.026,9.195,9.364,9.737,10.110,10.383,10.656,10.828,11.000,11.468,11.936,12.273,12.609,12.826,13.043,12.948,12.852
IMAGE,SSP1-19,R5.2REF,Primary Energy|Oil,EJ/yr,10.008,9.370,8.731,6.651,4.571,3.371,2.172,2.018,1.865,1.813,1.761,1.795,1.828,1.800,1.773,1.716,1.660,1.661,1.662
IMAGE,SSP1-26,R5.2REF,Primary Energy|Oil,EJ/yr,10.008,9.707,9.406,8.603,7.801,6.185,4.568,4.194,3.821,3.743,3.665,3.652,3.639,2.989,2.339,2.079,1.818,1.782,1.746
IMAGE,SSP2-45,R5.2REF,Primary Energy|Oil,EJ/yr,10.031,9.795,9.559,8.975,8.390,7.117,5.844,5.708,5.573,5.656,5.739,5.801,5.863,5.550,5.237,5.402,5.566,5.847,6.128
IMAGE,SSP3-Baseline,R5.2REF,Primary Energy|Oil,EJ/yr,10.033,9.984,9.935,9.381,8.827,7.511,6.194,6.084,5.974,5.966,5.959,6.069,6.180,6.303,6.427,6.486,6.545,6.566,6.587
IMAGE,SSP4-34,R5.2REF,Primary Energy|Oil,EJ/yr,10.031,9.545,9.060,8.492,7.925,6.701,5.477,5.421,5.364,5.290,5.216,5.229,5.242,4.927,4.612,4.016,3.420,3.281,3.142
IMAGE,SSP4-60,R5.2REF,Primary Energy|Oil,EJ/yr,10.031,9.533,9.035,8.759,8.483,7.423,6.362,6.373,6.385,6.489,6.594,6.667,6.740,6.836,6.931,7.119,7.306,7.473,7.640
IMAGE,SSP5-34,R5.2REF,Primary Energy|Oil,EJ/yr,10.317,10.426,10.535,10.183,9.832,8.657,7.482,6.941,6.400,6.276,6.153,5.412,4.671,4.062,3.453,2.997,2.541,2.383,2.225
IMAGE,SSP5-Baseline,R5.2REF,Primary Energy|Oil,EJ/yr,10.318,10.379,10.439,10.347,10.256,9.189,8.123,8.345,8.566,8.659,8.751,8.549,8.348,8.067,7.786,7.313,6.839,6.404,5.969
MESSAGE-GLOBIOM,SSP1-19,R5.2REF,Primary Energy|Oil,EJ/yr,8.684,10.106,11.529,9.747,7.964,5.866,3.768,2.624,1.480,0.933,0.386,0.289,0.192,0.126,0.059,0.029,0.000,0.000,0.000
MESSAGE-GLOBIOM,SSP1-26,R5.2REF,Primary Energy|Oil,EJ/yr,8.684,10.340,11.997,11.438,10.879,11.099,11.320,10.018,8.715,7.128,5.540,3.986,2.432,1.554,0.676,0.418,0.160,0.082,0.004
MESSAGE-GLOBIOM,SSP2-45,R5.2REF,Primary Energy|Oil,EJ/yr,8.768,10.619,12.470,12.386,12.303,12.871,13.439,14.221,15.004,13.313,11.623,9.633,7.644,5.828,4.012,3.036,2.059,1.583,1.108
MESSAGE-GLOBIOM,SSP3-Baseline,R5.2REF,Primary Energy|Oil,EJ/yr,8.715,10.982,13.248,13.157,13.066,14.061,15.056,15.947,16.839,16.313,15.786,12.814,9.841,6.507,3.174,1.925,0.677,0.423,0.168
REMIND-MAGPIE,SSP1-19,R5.2REF,Primary Energy|Oil,EJ/yr,4.891,4.559,4.227,4.041,3.855,3.807,3.759,3.110,2.461,1.779,1.097,0.630,0.162,0.103,0.044,0.035,0.025,0.023,0.021
REMIND-MAGPIE,SSP1-26,R5.2REF,Primary Energy|Oil,EJ/yr,4.891,4.559,4.227,4.176,4.124,4.067,4.009,3.721,3.433,2.904,2.375,1.737,1.098,0.709,0.320,0.200,0.079,0.065,0.051
REMIND-MAGPIE,SSP2-45,R5.2REF,Primary Energy|Oil,EJ/yr,4.962,4.703,4.443,4.368,4.293,3.798,3.302,2.823,2.344,1.969,1.593,1.205,0.817,0.564,0.310,0.300,0.289,0.276,0.263
REMIND-MAGPIE,SSP5-34,R5.2REF,Primary Energy|Oil,EJ/yr,5.011,5.335,5.659,6.140,6.620,6.424,6.228,5.598,4.967,4.219,3.471,2.473,1.475,0.872,0.268,0.209,0.151,0.133,0.115
REMIND-MAGPIE,SSP5-Baseline,R5.2REF,Primary Energy|Oil,EJ/yr,5.011,5.280,5.548,5.895,6.241,5.606,4.971,4.362,3.752,3.060,2.367,1.599,0.830,0.638,0.446,0.508,0.571,0.548,0.524
WITCH-GLOBIOM,SSP1-19,R5.2REF,Primary Energy|Oil,EJ/yr,13.456,14.266,15.076,9.778,4.480,3.792,3.103,2.325,1.547,1.457,1.367,0.893,0.419,0.219,0.019,0.011,0.004,0.002,0.000
WITCH-GLOBIOM,SSP1-26,R5.2REF,Primary Energy|Oil,EJ/yr,13.456,14.996,16.536,13.226,9.916,9.852,9.788,9.511,9.234,8.913,8.592,8.297,8.003,7.272,6.541,4.802,3.063,1.532,0.000
WITCH-GLOBIOM,SSP2-45,R5.2REF,Primary Energy|Oil,EJ/yr,13.456,15.921,18.386,19.214,20.042,21.000,21.959,22.088,22.217,22.005,21.793,21.731,21.669,20.824,19.980,18.444,16.909,13.956,11.003
WITCH-GLOBIOM,SSP3-Baseline,R5.2REF,Primary Energy|Oil,EJ/yr,13.456,16.387,19.319,20.931,22.543,23.665,24.787,25.029,25.272,25.106,24.940,25.482,26.024,25.084,24.145,24.591,25.038,24.590,24.142
WITCH-GLOBIOM,SSP4-34,R5.2REF,Primary Energy|Oil,EJ/yr,13.456,16.255,19.054,19.138,19.221,19.597,19.972,19.744,19.516,19.073,18.630,18.396,18.162,17.268,16.375,14.293,12.211,8.087,3.963
WITCH-GLOBIOM,SSP4-60,R5.2REF,Primary Energy|Oil,EJ/yr,13.456,15.453,17.449,18.606,19.763,20.712,21.661,21.372,21.084,20.762,20.439,20.520,20.600,18.557,16.513,14.267,12.021,9.701,7.380
WITCH-GLOBIOM,SSP5-34,R5.2REF,Primary Energy|Oil,EJ/yr,13.456,14.964,16.472,14.011,11.550,12.804,14.058,14.760,15.462,15.975,16.489,17.025,17.561,17.401,17.241,15.292,13.343,8.768,4.193
WITCH-GLOBIOM,SSP5-Baseline,R5.2REF,Primary Energy|Oil,EJ/yr,13.456,15.612,17.767,19.053,20.339,21.477,22.614,23.527,24.441,22.517,20.594,20.639,20.684,18.424,16.164,14.821,13.479,10.476,7.473
AIM/CGE,SSP1-19,World,Primary Energy|Oil,EJ/yr,168.760,175.360,181.960,164.475,146.989,129.591,112.194,97.943,83.693,66.940,50.187,43.237,36.287,31.825,27.362,26.010,24.658,22.515,20.373
AIM/CGE,SSP1-26,World,Primary Energy|Oil,EJ/yr,168.788,175.374,181.961,183.355,184.748,172.909,161.070,153.772,146.474,136.595,126.717,112.382,98.048,91.958,85.868,79.334,72.800,69.746,66.693
AIM/CGE,SSP2-45,World,Primary Energy|Oil,EJ/yr,176.078,192.176,208.273,223.079,237.884,249.081,260.277,261.968,263.659,257.912,252.166,247.413,242.660,237.909,233.158,228.891,224.624,219.995,215.366
AIM/CGE,SSP3-Baseline,World,Primary Energy|Oil,EJ/yr,176.622,196.769,216.916,229.835,242.753,248.741,254.729,252.312,249.896,243.805,237.715,233.293,228.870,224.231,219.593,217.010,214.428,209.635,204.843
AIM/CGE,SSP4-34,World,Primary Energy|Oil,EJ/yr,171.180,181.671,192.161,196.240,200.319,197.250,194.181,185.328,176.475,165.618,154.762,145.210,135.657,127.482,119.307,112.316,105.326,99.964,94.603
AIM/CGE,SSP5-34,World,Primary Energy|Oil,EJ/yr,174.599,190.273,205.947,222.263,238.580,253.553,268.526,285.842,303.159,304.524,305.889,302.850,299.811,292.470,285.128,278.054,270.979,259.336,247.692
AIM/CGE,SSP5-Baseline,World,Primary Energy|Oil,EJ/yr,174.970,192.329,209.689,235.696,261.703,291.855,322.007,342.057,362.108,378.330,394.552,403.952,413.351,413.800,414.249,391.724,369.199,334.581,299.962
GCAM4,SSP1-19,World,Primary Energy|Oil,EJ/yr,176.079,179.127,182.174,179.888,177.602,177.391,177.180,171.781,166.381,151.584,136.787,122.779,108.771,94.173,79.574,67.576,55.578,43.499,31.420
GCAM4,SSP1-26,World,Primary Energy|Oil,EJ/yr,176.079,179.052,182.024,182.410,182.796,184.526,186.257,186.125,185.994,178.793,171.593,161.526,151.459,136.179,120.899,104.431,87.964,74.583,61.203
GCAM4,SSP2-45,World,Primary Energy|Oil,EJ/yr,176.079,183.649,191.219,192.735,194.250,194.065,193.880,198.940,203.999,207.019,210.039,212.925,215.811,213.686,211.562,210.761,209.960,202.502,195.043
GCAM4,SSP3-Baseline,World,Primary Energy|Oil,EJ/yr,176.079,184.405,192.730,189.091,185.452,181.487,177.522,175.885,174.249,171.431,168.614,175.376,182.138,192.509,202.879,214.322,225.766,237.328,248.889
GCAM4,SSP4-34,World,Primary Energy|Oil,EJ/yr,176.079,182.957,189.835,189.584,189.334,187.851,186.368,182.373,178.379,166.685,154.990,142.943,130.896,114.681,98.466,81.821,65.176,53.542,41.908
GCAM4,SSP4-60,World,Primary Energy|Oil,EJ/yr,176.079,182.957,189.835,191.482,193.129,194.182,195.235,196.440,197.645,195.903,194.161,197.620,201.078,203.108,205.137,204.007,202.876,197.923,192.970
GCAM4,SSP5-34,World,Primary Energy|Oil,EJ/yr,176.079,185.694,195.308,206.864,218.419,227.846,237.273,252.071,266.869,271.986,277.103,273.429,269.756,252.522,235.288,195.319,155.350,118.047,80.745
GCAM4,SSP5-Baseline,World,Primary Energy|Oil,EJ/yr,176.079,186.349,196.618,205.281,213.943,230.942,247.941,268.484,289.026,311.725,334.423,363.286,392.149,418.405,444.662,466.374,488.086,497.942,507.798
IMAGE,SSP1-19,World,Primary Energy|Oil,EJ/yr,171.723,163.305,154.887,120.740,86.592,65.095,43.597,38.642,33.687,31.138,28.589,27.194,25.798,24.504,23.210,22.217,21.224,20.476,19.728
IMAGE,SSP1-26,World,Primary Energy|Oil,EJ/yr,171.723,171.438,171.153,160.178,149.204,135.610,122.015,116.035,110.056,104.776,99.495,91.684,83.873,69.225,54.576,46.574,38.571,37.724,36.878
IMAGE,SSP2-45,World,Primary Energy|Oil,EJ/yr,171.872,172.443,173.015,166.403,159.791,153.860,147.930,151.702,155.475,164.189,172.903,175.524,178.145,165.810,153.475,142.243,131.012,134.499,137.986
IMAGE,SSP3-Baseline,World,Primary Energy|Oil,EJ/yr,173.126,176.204,179.283,171.163,163.044,152.472,141.900,140.452,139.004,143.620,148.236,152.546,156.855,160.471,164.088,166.353,168.618,170.414,172.211
IMAGE,SSP4-34,World,Primary Energy|Oil,EJ/yr,173.705,174.055,174.405,172.302,170.200,159.095,147.990,148.337,148.683,149.968,151.254,140.964,130.675,113.649,96.622,85.225,73.828,71.208,68.587
IMAGE,SSP4-60,World,Primary Energy|Oil,EJ/yr,173.603,175.036,176.468,181.055,185.643,183.278,180.912,188.325,195.739,209.012,222.285,220.794,219.304,213.527,207.749,207.286,206.822,204.309,201.796
IMAGE,SSP5-34,World,Primary Energy|Oil,EJ/yr,175.813,180.540,185.267,189.051,192.835,201.098,209.361,207.570,205.779,190.297,174.814,154.251,133.687,122.513,111.340,99.018,86.697,79.626,72.556
IMAGE,SSP5-Baseline,World,Primary Energy|Oil,EJ/yr,175.769,183.971,192.173,202.357,212.542,227.909,243.275,265.997,288.719,307.971,327.223,335.917,344.612,341.685,338.758,325.920,313.083,294.757,276.432
MESSAGE-GLOBIOM,SSP1-19,World,Primary Energy|Oil,EJ/yr,171.808,189.799,207.789,195.970,184.150,162.705,141.259,105.207,69.155,44.836,20.516,12.574,4.631,2.647,0.662,0.332,0.001,0.001,0.000
MESSAGE-GLOBIOM,SSP1-26,World,Primary Energy|Oil,EJ/yr,171.785,189.448,207.110,208.881,210.652,207.832,205.011,182.473,159.935,129.115,98.294,75.551,52.807,39.319,25.830,16.741,7.651,4.340,1.029
MESSAGE-GLOBIOM,SSP2-45,World,Primary Energy|Oil,EJ/yr,173.118,190.354,207.589,215.294,222.998,228.278,233.557,232.309,231.061,214.879,198.697,176.089,153.481,134.665,115.849,97.008,78.167,64.910,51.653
MESSAGE-GLOBIOM,SSP3-Baseline,World,Primary Energy|Oil,EJ/yr,172.354,203.859,235.363,253.267,271.171,277.791,284.410,281.668,278.926,262.583,246.240,206.477,166.713,117.539,68.364,45.188,22.012,17.847,13.682
REMIND-MAGPIE,SSP1-19,World,Primary Energy|Oil,EJ/yr,169.600,175.400,181.200,184.050,186.900,179.900,172.900,140.450,108.000,75.260,42.520,27.985,13.450,9.387,5.323,4.570,3.817,3.580,3.342
REMIND-MAGPIE,SSP1-26,World,Primary Energy|Oil,EJ/yr,169.600,175.400,181.200,191.100,201.000,208.200,215.400,202.400,189.400,155.750,122.100,92.350,62.600,44.225,25.850,16.625,7.400,6.235,5.070
REMIND-MAGPIE,SSP2-45,World,Primary Energy|Oil,EJ/yr,171.400,182.850,194.300,208.450,222.600,229.450,236.300,226.350,216.400,199.100,181.800,165.100,148.400,135.950,123.500,113.800,104.100,106.150,108.200
REMIND-MAGPIE,SSP5-34,World,Primary Energy|Oil,EJ/yr,171.500,203.950,236.400,277.050,317.700,330.750,343.800,336.850,329.900,295.500,261.100,210.850,160.600,124.645,88.690,68.730,48.770,41.520,34.270
REMIND-MAGPIE,SSP5-Baseline,World,Primary Energy|Oil,EJ/yr,171.500,204.950,238.400,280.800,323.200,339.500,355.800,359.050,362.300,352.100,341.900,319.400,296.900,287.350,277.800,260.900,244.000,219.900,195.800
WITCH-GLOBIOM,SSP1-19,World,Primary Energy|Oil,EJ/yr,179.368,186.834,194.300,144.436,94.573,84.946,75.319,60.056,44.793,34.998,25.203,20.376,15.548,11.571,7.594,4.192,0.791,0.596,0.402
WITCH-GLOBIOM,SSP1-26,World,Primary Energy|Oil,EJ/yr,179.368,191.602,203.836,181.591,159.346,157.650,155.954,153.218,150.482,144.886,139.289,133.823,128.356,120.110,111.865,90.164,68.463,39.695,10.926
WITCH-GLOBIOM,SSP2-45,World,Primary Energy|Oil,EJ/yr,179.368,204.918,230.469,248.548,266.628,281.912,297.195,303.232,309.269,310.061,310.853,309.428,308.002,300.989,293.975,277.789,261.604,226.277,190.950
WITCH-GLOBIOM,SSP3-Baseline,World,Primary Energy|Oil,EJ/yr,179.368,210.151,240.934,262.025,283.117,293.738,304.360,307.678,310.997,311.264,311.531,312.680,313.829,312.001,310.172,311.752,313.332,311.017,308.702
WITCH-GLOBIOM,SSP4-34,World,Primary Energy|Oil,EJ/yr,179.368,203.154,226.939,240.356,253.772,258.293,262.814,259.745,256.675,249.579,242.483,236.912,231.340,219.118,206.897,176.494,146.091,105.525,64.959
WITCH-GLOBIOM,SSP4-60,World,Primary Energy|Oil,EJ/yr,179.368,198.100,216.832,235.271,253.711,262.940,272.169,276.356,280.543,278.980,277.417,272.226,267.035,257.754,248.472,229.724,210.976,171.736,132.496
WITCH-GLOBIOM,SSP5-34,World,Primary Energy|Oil,EJ/yr,179.368,193.550,207.732,192.460,177.187,192.023,206.860,218.017,229.174,236.982,244.790,249.060,253.330,256.774,260.218,247.609,235.001,182.483,129.965
WITCH-GLOBIOM,SSP5-Baseline,World,Primary Energy|Oil,EJ/yr,179.368,202.591,225.814,251.918,278.023,309.394,340.765,365.667,390.568,402.363,414.157,423.575,432.992,433.063,433.133,428.662,424.191,403.552,382.913
